case_key,event_code_raw,occurred_at_utc,reason
CASE_00000091,XQCC,2024-11-21T19:17:29Z,UNMAPPED_EVENT_CODE
CASE_00000106,XMISC,2025-05-20T15:51:35Z,UNMAPPED_EVENT_CODE
CASE_00000137,XERR,2025-03-19T18:33:57Z,UNMAPPED_EVENT_CODE
CASE_00000359,XMISC,2025-05-21T15:05:19Z,UNMAPPED_EVENT_CODE
CASE_00000387,XERR,2024-12-09T01:41:44Z,UNMAPPED_EVENT_CODE
CASE_00000452,XERR,2024-09-14T11:53:02Z,UNMAPPED_EVENT_CODE
CASE_00000530,XADM,2026-04-05T15:26:34Z,UNMAPPED_EVENT_CODE
CASE_00000762,XMISC,2025-09-11T16:34:40Z,UNMAPPED_EVENT_CODE
CASE_00000764,XMISC,2025-03-26T18:05:15Z,UNMAPPED_EVENT_CODE
CASE_00000834,XMISC,2026-01-21T11:59:20Z,UNMAPPED_EVENT_CODE
CASE_00001276,XMISC,2024-07-08T04:48:07Z,UNMAPPED_EVENT_CODE
CASE_00001324,XQCC,2024-10-04T01:34:46Z,UNMAPPED_EVENT_CODE
CASE_00001532,XADM,2024-12-10T05:13:43Z,UNMAPPED_EVENT_CODE
CASE_00001591,XADM,2024-11-22T06:07:05Z,UNMAPPED_EVENT_CODE
CASE_00001893,XMISC,2024-11-09T01:56:25Z,UNMAPPED_EVENT_CODE
CASE_00002001,XMISC,2025-05-20T00:30:11Z,UNMAPPED_EVENT_CODE
CASE_00002008,XMISC,2025-08-23T04:05:20Z,UNMAPPED_EVENT_CODE
CASE_00002015,XQCC,2025-02-03T14:22:14Z,UNMAPPED_EVENT_CODE
CASE_00002028,XADM,2026-02-18T04:38:46Z,UNMAPPED_EVENT_CODE
CASE_00002132,XERR,2025-03-23T23:11:44Z,UNMAPPED_EVENT_CODE
CASE_00002154,XMISC,2025-05-19T17:35:56Z,UNMAPPED_EVENT_CODE
CASE_00002324,XADM,2024-11-05T02:45:46Z,UNMAPPED_EVENT_CODE
CASE_00002353,XADM,2024-02-14T03:15:08Z,UNMAPPED_EVENT_CODE
CASE_00002578,XADM,2025-07-22T15:59:39Z,UNMAPPED_EVENT_CODE
CASE_00002597,XQCC,2025-12-10T02:39:39Z,UNMAPPED_EVENT_CODE
CASE_00002617,XMISC,2024-11-22T07:08:58Z,UNMAPPED_EVENT_CODE
CASE_00002643,XQCC,2024-05-14T01:37:27Z,UNMAPPED_EVENT_CODE
CASE_00002697,XERR,2024-11-16T01:17:39Z,UNMAPPED_EVENT_CODE
CASE_00002893,XQCC,2024-06-22T11:06:03Z,UNMAPPED_EVENT_CODE
CASE_00002904,XMISC,2024-03-30T03:57:09Z,UNMAPPED_EVENT_CODE
CASE_00003014,XMISC,2026-03-05T14:52:38Z,UNMAPPED_EVENT_CODE
CASE_00003332,XQCC,2025-09-08T02:28:53Z,UNMAPPED_EVENT_CODE
CASE_00003434,XERR,2025-09-30T08:32:35Z,UNMAPPED_EVENT_CODE
CASE_00003455,XADM,2024-02-18T07:38:05Z,UNMAPPED_EVENT_CODE
CASE_00003481,XMISC,2025-12-04T23:14:01Z,UNMAPPED_EVENT_CODE
