case_key,naive_stage,threshold_stage,spc_stage
CASE_00000005,SEQUENCING_STARTED,SEQUENCING_STARTED,SEQUENCING_STARTED
CASE_00000006,ANALYSIS_COMPLETE,ANALYSIS_COMPLETE,ANALYSIS_COMPLETE
CASE_00000010,REVIEWED,ANALYSIS_COMPLETE,ANALYSIS_COMPLETE
CASE_00000013,ANALYSIS_COMPLETE,LIBRARY_PREPARED,LIBRARY_PREPARED
CASE_00000024,ANALYSIS_COMPLETE,SEQUENCING_STARTED,SEQUENCING_STARTED
CASE_00000026,SEQUENCING_STARTED,SEQUENCING_STARTED,SEQUENCING_STARTED
CASE_00000028,ANALYSIS_COMPLETE,ANALYSIS_COMPLETE,ANALYSIS_COMPLETE
CASE_00000031,SEQUENCING_STARTED,LIBRARY_PREPARED,LIBRARY_PREPARED
CASE_00000040,REVIEWED,ANALYSIS_COMPLETE,ANALYSIS_COMPLETE
CASE_00000041,ANALYSIS_COMPLETE,ANALYSIS_COMPLETE,ANALYSIS_COMPLETE
CASE_00000050,SEQUENCING_STARTED,SEQUENCING_STARTED,SEQUENCING_STARTED
CASE_00000051,SEQUENCING_STARTED,SEQUENCING_STARTED,SEQUENCING_STARTED
CASE_00000052,ANALYSIS_COMPLETE,SEQUENCING_STARTED,SEQUENCING_STARTED
CASE_00000057,SEQUENCING_STARTED,LIBRARY_PREPARED,LIBRARY_PREPARED
CASE_00000066,ANALYSIS_COMPLETE,LIBRARY_PREPARED,LIBRARY_PREPARED
CASE_00000067,ANALYSIS_COMPLETE,SEQUENCING_STARTED,SEQUENCING_STARTED
CASE_00000069,ANALYSIS_COMPLETE,LIBRARY_PREPARED,SEQUENCING_STARTED
CASE_00000079,ANALYSIS_COMPLETE,ANALYSIS_COMPLETE,ANALYSIS_COMPLETE
CASE_00000081,ANALYSIS_COMPLETE,ANALYSIS_COMPLETE,RELEASED
CASE_00000108,LIBRARY_PREPARED,LIBRARY_PREPARED,LIBRARY_PREPARED
CASE_00000112,SEQUENCING_STARTED,SEQUENCING_STARTED,SEQUENCING_STARTED
CASE_00000113,ANALYSIS_COMPLETE,ANALYSIS_COMPLETE,ANALYSIS_COMPLETE
CASE_00000124,LIBRARY_PREPARED,LIBRARY_PREPARED,LIBRARY_PREPARED
CASE_00000127,SEQUENCING_STARTED,SEQUENCING_STARTED,SEQUENCING_STARTED
CASE_00000128,SEQUENCING_STARTED,REVIEWED,REVIEWED
CASE_00000131,SEQUENCING_STARTED,SEQUENCING_STARTED,SEQUENCING_STARTED
CASE_00000136,LIBRARY_PREPARED,LIBRARY_PREPARED,LIBRARY_PREPARED
CASE_00000140,LIBRARY_PREPARED,LIBRARY_PREPARED,LIBRARY_PREPARED
CASE_00000141,ANALYSIS_COMPLETE,ANALYSIS_COMPLETE,SEQUENCING_STARTED
CASE_00000143,ANALYSIS_COMPLETE,LIBRARY_PREPARED,LIBRARY_PREPARED
CASE_00000145,ANALYSIS_COMPLETE,SEQUENCING_STARTED,SEQUENCING_STARTED
CASE_00000147,SEQUENCING_STARTED,ANALYSIS_COMPLETE,SEQUENCING_STARTED
CASE_00000152,SEQUENCING_STARTED,SEQUENCING_STARTED,SEQUENCING_STARTED
CASE_00000157,ANALYSIS_COMPLETE,LIBRARY_PREPARED,LIBRARY_PREPARED
CASE_00000168,ANALYSIS_COMPLETE,SEQUENCING_STARTED,SEQUENCING_STARTED
CASE_00000169,SEQUENCING_STARTED,ANALYSIS_COMPLETE,SEQUENCING_STARTED
CASE_00000170,ANALYSIS_COMPLETE,SEQUENCING_STARTED,SEQUENCING_STARTED
CASE_00000185,REVIEWED,ANALYSIS_COMPLETE,ANALYSIS_COMPLETE
CASE_00000191,SEQUENCING_STARTED,LIBRARY_PREPARED,LIBRARY_PREPARED
CASE_00000218,SEQUENCING_STARTED,SEQUENCING_STARTED,SEQUENCING_STARTED
CASE_00000223,SEQUENCING_STARTED,SEQUENCING_STARTED,SEQUENCING_STARTED
CASE_00000232,SEQUENCING_STARTED,LIBRARY_PREPARED,LIBRARY_PREPARED
CASE_00000236,SEQUENCING_STARTED,SEQUENCING_STARTED,SEQUENCING_STARTED
CASE_00000238,SEQUENCING_STARTED,SEQUENCING_STARTED,SEQUENCING_STARTED
CASE_00000241,ANALYSIS_COMPLETE,SEQUENCING_STARTED,SEQUENCING_STARTED
CASE_00000244,LIBRARY_PREPARED,LIBRARY_PREPARED,LIBRARY_PREPARED
CASE_00000252,ANALYSIS_COMPLETE,LIBRARY_PREPARED,LIBRARY_PREPARED
CASE_00000259,REVIEWED,ANALYSIS_COMPLETE,ANALYSIS_COMPLETE
CASE_00000262,ANALYSIS_COMPLETE,LIBRARY_PREPARED,LIBRARY_PREPARED
CASE_00000265,SEQUENCING_STARTED,LIBRARY_PREPARED,LIBRARY_PREPARED
CASE_00000271,SEQUENCING_STARTED,LIBRARY_PREPARED,LIBRARY_PREPARED
CASE_00000273,SEQUENCING_STARTED,RELEASED,SEQUENCING_STARTED
CASE_00000281,SEQUENCING_STARTED,ANALYSIS_COMPLETE,SEQUENCING_STARTED
CASE_00000300,SEQUENCING_STARTED,LIBRARY_PREPARED,LIBRARY_PREPARED
CASE_00000320,SEQUENCING_STARTED,SEQUENCING_STARTED,SEQUENCING_STARTED
CASE_00000336,SEQUENCING_STARTED,SEQUENCING_STARTED,SEQUENCING_STARTED
CASE_00000339,SEQUENCING_STARTED,LIBRARY_PREPARED,LIBRARY_PREPARED
CASE_00000343,ANALYSIS_COMPLETE,LIBRARY_PREPARED,LIBRARY_PREPARED
CASE_00000350,SEQUENCING_STARTED,LIBRARY_PREPARED,LIBRARY_PREPARED
CASE_00000355,ANALYSIS_COMPLETE,SEQUENCING_STARTED,SEQUENCING_STARTED
CASE_00000358,LIBRARY_PREPARED,LIBRARY_PREPARED,LIBRARY_PREPARED
CASE_00000364,SEQUENCING_STARTED,SEQUENCING_STARTED,SEQUENCING_STARTED
CASE_00000366,ANALYSIS_COMPLETE,SEQUENCING_STARTED,SEQUENCING_STARTED
CASE_00000368,SEQUENCING_STARTED,SEQUENCING_STARTED,SEQUENCING_STARTED
CASE_00000370,REVIEWED,ANALYSIS_COMPLETE,ANALYSIS_COMPLETE
CASE_00000380,LIBRARY_PREPARED,LIBRARY_PREPARED,LIBRARY_PREPARED
CASE_00000389,SEQUENCING_STARTED,RELEASED,SEQUENCING_STARTED
CASE_00000391,REVIEWED,SEQUENCING_STARTED,SEQUENCING_STARTED
CASE_00000393,SEQUENCING_STARTED,LIBRARY_PREPARED,LIBRARY_PREPARED
CASE_00000394,SEQUENCING_STARTED,SEQUENCING_STARTED,SEQUENCING_STARTED
CASE_00000397,SEQUENCING_STARTED,RELEASED,SEQUENCING_STARTED
CASE_00000405,REVIEWED,ANALYSIS_COMPLETE,ANALYSIS_COMPLETE
CASE_00000417,SEQUENCING_STARTED,ANALYSIS_COMPLETE,ANALYSIS_COMPLETE
CASE_00000418,ANALYSIS_COMPLETE,ANALYSIS_COMPLETE,SEQUENCING_STARTED
CASE_00000423,SEQUENCING_STARTED,LIBRARY_PREPARED,LIBRARY_PREPARED
CASE_00000425,ANALYSIS_COMPLETE,SEQUENCING_STARTED,SEQUENCING_STARTED
CASE_00000427,ANALYSIS_COMPLETE,LIBRARY_PREPARED,LIBRARY_PREPARED
CASE_00000429,SEQUENCING_STARTED,LIBRARY_PREPARED,LIBRARY_PREPARED
CASE_00000435,SEQUENCING_STARTED,SEQUENCING_STARTED,SEQUENCING_STARTED
CASE_00000436,SEQUENCING_STARTED,LIBRARY_PREPARED,LIBRARY_PREPARED
CASE_00000451,SEQUENCING_STARTED,SEQUENCING_STARTED,SEQUENCING_STARTED
CASE_00000453,ANALYSIS_COMPLETE,SEQUENCING_STARTED,SEQUENCING_STARTED
CASE_00000461,LIBRARY_PREPARED,LIBRARY_PREPARED,LIBRARY_PREPARED
CASE_00000480,ANALYSIS_COMPLETE,ANALYSIS_COMPLETE,SEQUENCING_STARTED
CASE_00000495,SEQUENCING_STARTED,SEQUENCING_STARTED,SEQUENCING_STARTED
CASE_00000498,SEQUENCING_STARTED,LIBRARY_PREPARED,LIBRARY_PREPARED
CASE_00000502,ANALYSIS_COMPLETE,LIBRARY_PREPARED,LIBRARY_PREPARED
CASE_00000503,SEQUENCING_STARTED,ANALYSIS_COMPLETE,SEQUENCING_STARTED
CASE_00000510,LIBRARY_PREPARED,LIBRARY_PREPARED,LIBRARY_PREPARED
CASE_00000516,ANALYSIS_COMPLETE,LIBRARY_PREPARED,SEQUENCING_STARTED
CASE_00000521,SEQUENCING_STARTED,SEQUENCING_STARTED,SEQUENCING_STARTED
CASE_00000527,LIBRARY_PREPARED,LIBRARY_PREPARED,LIBRARY_PREPARED
CASE_00000528,SEQUENCING_STARTED,SEQUENCING_STARTED,SEQUENCING_STARTED
CASE_00000535,SEQUENCING_STARTED,SEQUENCING_STARTED,SEQUENCING_STARTED
CASE_00000541,ANALYSIS_COMPLETE,ANALYSIS_COMPLETE,ANALYSIS_COMPLETE
CASE_00000542,LIBRARY_PREPARED,LIBRARY_PREPARED,LIBRARY_PREPARED
CASE_00000544,SEQUENCING_STARTED,LIBRARY_PREPARED,LIBRARY_PREPARED
CASE_00000546,SEQUENCING_STARTED,ANALYSIS_COMPLETE,SEQUENCING_STARTED
CASE_00000552,ANALYSIS_COMPLETE,SEQUENCING_STARTED,SEQUENCING_STARTED
CASE_00000561,ANALYSIS_COMPLETE,ANALYSIS_COMPLETE,ANALYSIS_COMPLETE
CASE_00000564,SEQUENCING_STARTED,SEQUENCING_STARTED,SEQUENCING_STARTED
CASE_00000566,SEQUENCING_STARTED,REVIEWED,REVIEWED
CASE_00000570,ANALYSIS_COMPLETE,SEQUENCING_STARTED,SEQUENCING_STARTED
CASE_00000575,SEQUENCING_STARTED,LIBRARY_PREPARED,LIBRARY_PREPARED
CASE_00000578,SEQUENCING_STARTED,ANALYSIS_COMPLETE,SEQUENCING_STARTED
CASE_00000600,SEQUENCING_STARTED,ANALYSIS_COMPLETE,SEQUENCING_STARTED
CASE_00000612,ANALYSIS_COMPLETE,SEQUENCING_STARTED,SEQUENCING_STARTED
CASE_00000614,SEQUENCING_STARTED,LIBRARY_PREPARED,LIBRARY_PREPARED
CASE_00000626,SEQUENCING_STARTED,LIBRARY_PREPARED,LIBRARY_PREPARED
CASE_00000629,ANALYSIS_COMPLETE,ANALYSIS_COMPLETE,ANALYSIS_COMPLETE
CASE_00000633,ANALYSIS_COMPLETE,ACCESSIONED,ACCESSIONED
CASE_00000637,SEQUENCING_STARTED,SEQUENCING_STARTED,SEQUENCING_STARTED
CASE_00000646,LIBRARY_PREPARED,LIBRARY_PREPARED,LIBRARY_PREPARED
CASE_00000656,SEQUENCING_STARTED,SEQUENCING_STARTED,SEQUENCING_STARTED
CASE_00000665,LIBRARY_PREPARED,LIBRARY_PREPARED,LIBRARY_PREPARED
CASE_00000671,SEQUENCING_STARTED,SEQUENCING_STARTED,SEQUENCING_STARTED
CASE_00000682,LIBRARY_PREPARED,LIBRARY_PREPARED,LIBRARY_PREPARED
CASE_00000685,SEQUENCING_STARTED,ANALYSIS_COMPLETE,SEQUENCING_STARTED
CASE_00000687,SEQUENCING_STARTED,SEQUENCING_STARTED,SEQUENCING_STARTED
CASE_00000689,SEQUENCING_STARTED,LIBRARY_PREPARED,LIBRARY_PREPARED
CASE_00000698,SEQUENCING_STARTED,SEQUENCING_STARTED,ANALYSIS_COMPLETE
CASE_00000700,REVIEWED,ANALYSIS_COMPLETE,ANALYSIS_COMPLETE
CASE_00000705,ANALYSIS_COMPLETE,ANALYSIS_COMPLETE,ANALYSIS_COMPLETE
CASE_00000709,ANALYSIS_COMPLETE,ANALYSIS_COMPLETE,SEQUENCING_STARTED
CASE_00000715,LIBRARY_PREPARED,LIBRARY_PREPARED,LIBRARY_PREPARED
CASE_00000719,SEQUENCING_STARTED,LIBRARY_PREPARED,LIBRARY_PREPARED
CASE_00000721,LIBRARY_PREPARED,LIBRARY_PREPARED,LIBRARY_PREPARED
CASE_00000732,ANALYSIS_COMPLETE,SEQUENCING_STARTED,SEQUENCING_STARTED
CASE_00000736,SEQUENCING_STARTED,LIBRARY_PREPARED,LIBRARY_PREPARED
CASE_00000750,SEQUENCING_STARTED,SEQUENCING_STARTED,SEQUENCING_STARTED
CASE_00000766,SEQUENCING_STARTED,SEQUENCING_STARTED,SEQUENCING_STARTED
CASE_00000768,SEQUENCING_STARTED,SEQUENCING_STARTED,SEQUENCING_STARTED
CASE_00000769,SEQUENCING_STARTED,ANALYSIS_COMPLETE,SEQUENCING_STARTED
CASE_00000773,SEQUENCING_STARTED,SEQUENCING_STARTED,SEQUENCING_STARTED
CASE_00000774,LIBRARY_PREPARED,LIBRARY_PREPARED,LIBRARY_PREPARED
CASE_00000779,ANALYSIS_COMPLETE,SEQUENCING_STARTED,SEQUENCING_STARTED
CASE_00000791,ANALYSIS_COMPLETE,ANALYSIS_COMPLETE,ANALYSIS_COMPLETE
CASE_00000794,SEQUENCING_STARTED,ANALYSIS_COMPLETE,SEQUENCING_STARTED
CASE_00000801,ANALYSIS_COMPLETE,ANALYSIS_COMPLETE,ANALYSIS_COMPLETE
CASE_00000802,SEQUENCING_STARTED,SEQUENCING_STARTED,SEQUENCING_STARTED
CASE_00000808,ANALYSIS_COMPLETE,LIBRARY_PREPARED,LIBRARY_PREPARED
CASE_00000809,ANALYSIS_COMPLETE,ANALYSIS_COMPLETE,ANALYSIS_COMPLETE
CASE_00000811,ANALYSIS_COMPLETE,LIBRARY_PREPARED,LIBRARY_PREPARED
CASE_00000816,SEQUENCING_STARTED,SEQUENCING_STARTED,SEQUENCING_STARTED
CASE_00000819,ANALYSIS_COMPLETE,ANALYSIS_COMPLETE,ANALYSIS_COMPLETE
CASE_00000822,ANALYSIS_COMPLETE,ANALYSIS_COMPLETE,ANALYSIS_COMPLETE
CASE_00000823,ANALYSIS_COMPLETE,SEQUENCING_STARTED,SEQUENCING_STARTED
CASE_00000827,REVIEWED,ANALYSIS_COMPLETE,ANALYSIS_COMPLETE
CASE_00000831,ANALYSIS_COMPLETE,LIBRARY_PREPARED,LIBRARY_PREPARED
CASE_00000834,ANALYSIS_COMPLETE,SEQUENCING_STARTED,SEQUENCING_STARTED
CASE_00000836,SEQUENCING_STARTED,SEQUENCING_STARTED,SEQUENCING_STARTED
CASE_00000852,ANALYSIS_COMPLETE,ANALYSIS_COMPLETE,ANALYSIS_COMPLETE
CASE_00000866,SEQUENCING_STARTED,LIBRARY_PREPARED,LIBRARY_PREPARED
CASE_00000872,SEQUENCING_STARTED,SEQUENCING_STARTED,SEQUENCING_STARTED
CASE_00000875,ANALYSIS_COMPLETE,ANALYSIS_COMPLETE,ANALYSIS_COMPLETE
CASE_00000878,LIBRARY_PREPARED,LIBRARY_PREPARED,LIBRARY_PREPARED
CASE_00000888,SEQUENCING_STARTED,SEQUENCING_STARTED,SEQUENCING_STARTED
CASE_00000894,SEQUENCING_STARTED,ANALYSIS_COMPLETE,SEQUENCING_STARTED
CASE_00000898,ANALYSIS_COMPLETE,SEQUENCING_STARTED,SEQUENCING_STARTED
CASE_00000899,LIBRARY_PREPARED,LIBRARY_PREPARED,LIBRARY_PREPARED
CASE_00000909,SEQUENCING_STARTED,SEQUENCING_STARTED,SEQUENCING_STARTED
CASE_00000918,SEQUENCING_STARTED,SEQUENCING_STARTED,SEQUENCING_STARTED
CASE_00000920,SEQUENCING_STARTED,SEQUENCING_STARTED,SEQUENCING_STARTED
CASE_00000936,SEQUENCING_STARTED,SEQUENCING_STARTED,SEQUENCING_STARTED
CASE_00000942,SEQUENCING_STARTED,REVIEWED,REVIEWED
CASE_00000957,LIBRARY_PREPARED,LIBRARY_PREPARED,LIBRARY_PREPARED
CASE_00000958,ANALYSIS_COMPLETE,LIBRARY_PREPARED,LIBRARY_PREPARED
CASE_00000959,SEQUENCING_STARTED,SEQUENCING_STARTED,SEQUENCING_STARTED
CASE_00000979,SEQUENCING_STARTED,LIBRARY_PREPARED,LIBRARY_PREPARED
CASE_00000984,ANALYSIS_COMPLETE,LIBRARY_PREPARED,LIBRARY_PREPARED
CASE_00000992,ANALYSIS_COMPLETE,LIBRARY_PREPARED,LIBRARY_PREPARED
CASE_00001003,SEQUENCING_STARTED,LIBRARY_PREPARED,LIBRARY_PREPARED
CASE_00001004,SEQUENCING_STARTED,SEQUENCING_STARTED,SEQUENCING_STARTED
CASE_00001005,SEQUENCING_STARTED,ANALYSIS_COMPLETE,SEQUENCING_STARTED
CASE_00001006,SEQUENCING_STARTED,LIBRARY_PREPARED,LIBRARY_PREPARED
CASE_00001009,SEQUENCING_STARTED,SEQUENCING_STARTED,SEQUENCING_STARTED
CASE_00001010,SEQUENCING_STARTED,SEQUENCING_STARTED,SEQUENCING_STARTED
CASE_00001013,SEQUENCING_STARTED,SEQUENCING_STARTED,SEQUENCING_STARTED
CASE_00001016,REVIEWED,ANALYSIS_COMPLETE,ANALYSIS_COMPLETE
CASE_00001026,LIBRARY_PREPARED,LIBRARY_PREPARED,LIBRARY_PREPARED
CASE_00001028,ANALYSIS_COMPLETE,ANALYSIS_COMPLETE,ANALYSIS_COMPLETE
CASE_00001031,ANALYSIS_COMPLETE,ANALYSIS_COMPLETE,ANALYSIS_COMPLETE
CASE_00001032,ANALYSIS_COMPLETE,ANALYSIS_COMPLETE,ANALYSIS_COMPLETE
CASE_00001038,SEQUENCING_STARTED,SEQUENCING_STARTED,SEQUENCING_STARTED
CASE_00001044,SEQUENCING_STARTED,LIBRARY_PREPARED,LIBRARY_PREPARED
CASE_00001046,ANALYSIS_COMPLETE,LIBRARY_PREPARED,LIBRARY_PREPARED
CASE_00001050,ANALYSIS_COMPLETE,SEQUENCING_STARTED,SEQUENCING_STARTED
CASE_00001063,SEQUENCING_STARTED,SEQUENCING_STARTED,SEQUENCING_STARTED
CASE_00001068,ANALYSIS_COMPLETE,SEQUENCING_STARTED,SEQUENCING_STARTED
CASE_00001078,SEQUENCING_STARTED,LIBRARY_PREPARED,LIBRARY_PREPARED
CASE_00001079,LIBRARY_PREPARED,LIBRARY_PREPARED,LIBRARY_PREPARED
CASE_00001087,SEQUENCING_STARTED,ANALYSIS_COMPLETE,SEQUENCING_STARTED
CASE_00001091,ANALYSIS_COMPLETE,SEQUENCING_STARTED,SEQUENCING_STARTED
CASE_00001093,SEQUENCING_STARTED,ANALYSIS_COMPLETE,SEQUENCING_STARTED
CASE_00001094,SEQUENCING_STARTED,SEQUENCING_STARTED,SEQUENCING_STARTED
CASE_00001098,SEQUENCING_STARTED,ANALYSIS_COMPLETE,SEQUENCING_STARTED
CASE_00001099,SEQUENCING_STARTED,SEQUENCING_STARTED,SEQUENCING_STARTED
CASE_00001103,LIBRARY_PREPARED,LIBRARY_PREPARED,LIBRARY_PREPARED
CASE_00001112,SEQUENCING_STARTED,LIBRARY_PREPARED,LIBRARY_PREPARED
CASE_00001122,LIBRARY_PREPARED,LIBRARY_PREPARED,LIBRARY_PREPARED
CASE_00001133,SEQUENCING_STARTED,SEQUENCING_STARTED,SEQUENCING_STARTED
CASE_00001135,SEQUENCING_STARTED,LIBRARY_PREPARED,LIBRARY_PREPARED
CASE_00001142,SEQUENCING_STARTED,LIBRARY_PREPARED,LIBRARY_PREPARED
CASE_00001144,SEQUENCING_STARTED,SEQUENCING_STARTED,SEQUENCING_STARTED
CASE_00001155,SEQUENCING_STARTED,SEQUENCING_STARTED,SEQUENCING_STARTED
CASE_00001161,LIBRARY_PREPARED,LIBRARY_PREPARED,LIBRARY_PREPARED
CASE_00001164,ANALYSIS_COMPLETE,ANALYSIS_COMPLETE,ANALYSIS_COMPLETE
CASE_00001165,SEQUENCING_STARTED,SEQUENCING_STARTED,SEQUENCING_STARTED
CASE_00001168,SEQUENCING_STARTED,LIBRARY_PREPARED,LIBRARY_PREPARED
CASE_00001171,SEQUENCING_STARTED,LIBRARY_PREPARED,LIBRARY_PREPARED
CASE_00001173,ANALYSIS_COMPLETE,SEQUENCING_STARTED,SEQUENCING_STARTED
CASE_00001182,ANALYSIS_COMPLETE,ANALYSIS_COMPLETE,ANALYSIS_COMPLETE
CASE_00001189,SEQUENCING_STARTED,LIBRARY_PREPARED,LIBRARY_PREPARED
CASE_00001200,SEQUENCING_STARTED,LIBRARY_PREPARED,LIBRARY_PREPARED
CASE_00001206,SEQUENCING_STARTED,LIBRARY_PREPARED,LIBRARY_PREPARED
CASE_00001207,LIBRARY_PREPARED,LIBRARY_PREPARED,LIBRARY_PREPARED
CASE_00001209,SEQUENCING_STARTED,SEQUENCING_STARTED,SEQUENCING_STARTED
CASE_00001221,LIBRARY_PREPARED,LIBRARY_PREPARED,LIBRARY_PREPARED
CASE_00001223,SEQUENCING_STARTED,SEQUENCING_STARTED,SEQUENCING_STARTED
CASE_00001228,SEQUENCING_STARTED,LIBRARY_PREPARED,LIBRARY_PREPARED
CASE_00001234,SEQUENCING_STARTED,LIBRARY_PREPARED,LIBRARY_PREPARED
CASE_00001235,ANALYSIS_COMPLETE,ANALYSIS_COMPLETE,ANALYSIS_COMPLETE
CASE_00001237,SEQUENCING_STARTED,SEQUENCING_STARTED,SEQUENCING_STARTED
CASE_00001239,SEQUENCING_STARTED,SEQUENCING_STARTED,SEQUENCING_STARTED
CASE_00001253,SEQUENCING_STARTED,SEQUENCING_STARTED,SEQUENCING_STARTED
CASE_00001254,ANALYSIS_COMPLETE,SEQUENCING_STARTED,SEQUENCING_STARTED
CASE_00001258,SEQUENCING_STARTED,SEQUENCING_STARTED,SEQUENCING_STARTED
CASE_00001261,REVIEWED,ANALYSIS_COMPLETE,ANALYSIS_COMPLETE
CASE_00001266,SEQUENCING_STARTED,ANALYSIS_COMPLETE,SEQUENCING_STARTED
CASE_00001270,LIBRARY_PREPARED,LIBRARY_PREPARED,LIBRARY_PREPARED
CASE_00001273,SEQUENCING_STARTED,SEQUENCING_STARTED,SEQUENCING_STARTED
CASE_00001279,SEQUENCING_STARTED,LIBRARY_PREPARED,LIBRARY_PREPARED
CASE_00001290,SEQUENCING_STARTED,SEQUENCING_STARTED,SEQUENCING_STARTED
CASE_00001294,REVIEWED,ANALYSIS_COMPLETE,ANALYSIS_COMPLETE
CASE_00001295,SEQUENCING_STARTED,ANALYSIS_COMPLETE,SEQUENCING_STARTED
CASE_00001297,SEQUENCING_STARTED,ANALYSIS_COMPLETE,SEQUENCING_STARTED
CASE_00001303,SEQUENCING_STARTED,LIBRARY_PREPARED,LIBRARY_PREPARED
CASE_00001305,SEQUENCING_STARTED,SEQUENCING_STARTED,SEQUENCING_STARTED
CASE_00001307,ANALYSIS_COMPLETE,SEQUENCING_STARTED,SEQUENCING_STARTED
CASE_00001308,ANALYSIS_COMPLETE,SEQUENCING_STARTED,SEQUENCING_STARTED
CASE_00001313,ANALYSIS_COMPLETE,ANALYSIS_COMPLETE,ANALYSIS_COMPLETE
CASE_00001315,SEQUENCING_STARTED,ANALYSIS_COMPLETE,SEQUENCING_STARTED
CASE_00001317,LIBRARY_PREPARED,LIBRARY_PREPARED,LIBRARY_PREPARED
CASE_00001320,SEQUENCING_STARTED,ANALYSIS_COMPLETE,SEQUENCING_STARTED
CASE_00001322,SEQUENCING_STARTED,ANALYSIS_COMPLETE,ANALYSIS_COMPLETE
CASE_00001324,REVIEWED,SEQUENCING_STARTED,SEQUENCING_STARTED
CASE_00001332,SEQUENCING_STARTED,LIBRARY_PREPARED,LIBRARY_PREPARED
CASE_00001336,LIBRARY_PREPARED,LIBRARY_PREPARED,LIBRARY_PREPARED
CASE_00001337,REVIEWED,ANALYSIS_COMPLETE,ANALYSIS_COMPLETE
CASE_00001343,SEQUENCING_STARTED,LIBRARY_PREPARED,LIBRARY_PREPARED
CASE_00001348,ANALYSIS_COMPLETE,LIBRARY_PREPARED,LIBRARY_PREPARED
CASE_00001355,SEQUENCING_STARTED,SEQUENCING_STARTED,SEQUENCING_STARTED
CASE_00001356,ANALYSIS_COMPLETE,SEQUENCING_STARTED,SEQUENCING_STARTED
CASE_00001360,SEQUENCING_STARTED,SEQUENCING_STARTED,SEQUENCING_STARTED
CASE_00001361,LIBRARY_PREPARED,LIBRARY_PREPARED,LIBRARY_PREPARED
CASE_00001376,ANALYSIS_COMPLETE,ANALYSIS_COMPLETE,SEQUENCING_STARTED
CASE_00001377,SEQUENCING_STARTED,SEQUENCING_STARTED,SEQUENCING_STARTED
CASE_00001381,ANALYSIS_COMPLETE,LIBRARY_PREPARED,LIBRARY_PREPARED
CASE_00001383,SEQUENCING_STARTED,SEQUENCING_STARTED,SEQUENCING_STARTED
CASE_00001385,ANALYSIS_COMPLETE,ANALYSIS_COMPLETE,ANALYSIS_COMPLETE
CASE_00001397,REVIEWED,ANALYSIS_COMPLETE,ANALYSIS_COMPLETE
CASE_00001398,SEQUENCING_STARTED,ANALYSIS_COMPLETE,SEQUENCING_STARTED
CASE_00001401,SEQUENCING_STARTED,SEQUENCING_STARTED,SEQUENCING_STARTED
CASE_00001403,SEQUENCING_STARTED,SEQUENCING_STARTED,SEQUENCING_STARTED
CASE_00001405,ANALYSIS_COMPLETE,SEQUENCING_STARTED,SEQUENCING_STARTED
CASE_00001414,SEQUENCING_STARTED,LIBRARY_PREPARED,LIBRARY_PREPARED
CASE_00001417,SEQUENCING_STARTED,ANALYSIS_COMPLETE,SEQUENCING_STARTED
CASE_00001420,ANALYSIS_COMPLETE,ANALYSIS_COMPLETE,ANALYSIS_COMPLETE
CASE_00001440,LIBRARY_PREPARED,LIBRARY_PREPARED,LIBRARY_PREPARED
CASE_00001450,REVIEWED,ANALYSIS_COMPLETE,ANALYSIS_COMPLETE
CASE_00001452,SEQUENCING_STARTED,LIBRARY_PREPARED,SEQUENCING_STARTED
CASE_00001457,SEQUENCING_STARTED,RELEASED,RELEASED
CASE_00001459,SEQUENCING_STARTED,ANALYSIS_COMPLETE,SEQUENCING_STARTED
CASE_00001485,SEQUENCING_STARTED,RELEASED,RELEASED
CASE_00001486,ANALYSIS_COMPLETE,LIBRARY_PREPARED,LIBRARY_PREPARED
CASE_00001488,SEQUENCING_STARTED,SEQUENCING_STARTED,SEQUENCING_STARTED
CASE_00001491,SEQUENCING_STARTED,SEQUENCING_STARTED,SEQUENCING_STARTED
CASE_00001505,SEQUENCING_STARTED,SEQUENCING_STARTED,SEQUENCING_STARTED
CASE_00001509,SEQUENCING_STARTED,SEQUENCING_STARTED,SEQUENCING_STARTED
CASE_00001513,SEQUENCING_STARTED,SEQUENCING_STARTED,SEQUENCING_STARTED
CASE_00001514,SEQUENCING_STARTED,SEQUENCING_STARTED,SEQUENCING_STARTED
CASE_00001517,ANALYSIS_COMPLETE,LIBRARY_PREPARED,LIBRARY_PREPARED
CASE_00001521,ANALYSIS_COMPLETE,SEQUENCING_STARTED,SEQUENCING_STARTED
CASE_00001523,SEQUENCING_STARTED,SEQUENCING_STARTED,SEQUENCING_STARTED
CASE_00001524,REVIEWED,ANALYSIS_COMPLETE,ANALYSIS_COMPLETE
CASE_00001525,ANALYSIS_COMPLETE,SEQUENCING_STARTED,SEQUENCING_STARTED
CASE_00001529,SEQUENCING_STARTED,LIBRARY_PREPARED,LIBRARY_PREPARED
CASE_00001530,SEQUENCING_STARTED,SEQUENCING_STARTED,SEQUENCING_STARTED
CASE_00001537,SEQUENCING_STARTED,SEQUENCING_STARTED,SEQUENCING_STARTED
CASE_00001545,ANALYSIS_COMPLETE,SEQUENCING_STARTED,SEQUENCING_STARTED
CASE_00001548,SEQUENCING_STARTED,SEQUENCING_STARTED,SEQUENCING_STARTED
CASE_00001552,ANALYSIS_COMPLETE,SEQUENCING_STARTED,SEQUENCING_STARTED
CASE_00001558,LIBRARY_PREPARED,LIBRARY_PREPARED,LIBRARY_PREPARED
CASE_00001571,LIBRARY_PREPARED,ANALYSIS_COMPLETE,ANALYSIS_COMPLETE
CASE_00001575,SEQUENCING_STARTED,LIBRARY_PREPARED,LIBRARY_PREPARED
CASE_00001581,ANALYSIS_COMPLETE,ANALYSIS_COMPLETE,ANALYSIS_COMPLETE
CASE_00001584,ANALYSIS_COMPLETE,SEQUENCING_STARTED,SEQUENCING_STARTED
CASE_00001587,SEQUENCING_STARTED,LIBRARY_PREPARED,LIBRARY_PREPARED
CASE_00001602,ANALYSIS_COMPLETE,ANALYSIS_COMPLETE,ANALYSIS_COMPLETE
CASE_00001606,SEQUENCING_STARTED,LIBRARY_PREPARED,LIBRARY_PREPARED
CASE_00001612,LIBRARY_PREPARED,LIBRARY_PREPARED,LIBRARY_PREPARED
CASE_00001620,ANALYSIS_COMPLETE,ANALYSIS_COMPLETE,ANALYSIS_COMPLETE
CASE_00001626,SEQUENCING_STARTED,ANALYSIS_COMPLETE,SEQUENCING_STARTED
CASE_00001635,SEQUENCING_STARTED,SEQUENCING_STARTED,SEQUENCING_STARTED
CASE_00001638,ANALYSIS_COMPLETE,SEQUENCING_STARTED,SEQUENCING_STARTED
CASE_00001642,ANALYSIS_COMPLETE,ANALYSIS_COMPLETE,ANALYSIS_COMPLETE
CASE_00001643,SEQUENCING_STARTED,LIBRARY_PREPARED,LIBRARY_PREPARED
CASE_00001645,ANALYSIS_COMPLETE,SEQUENCING_STARTED,SEQUENCING_STARTED
CASE_00001646,REVIEWED,ANALYSIS_COMPLETE,ANALYSIS_COMPLETE
CASE_00001654,LIBRARY_PREPARED,LIBRARY_PREPARED,LIBRARY_PREPARED
CASE_00001663,ANALYSIS_COMPLETE,LIBRARY_PREPARED,LIBRARY_PREPARED
CASE_00001670,SEQUENCING_STARTED,SEQUENCING_STARTED,SEQUENCING_STARTED
CASE_00001671,SEQUENCING_STARTED,LIBRARY_PREPARED,LIBRARY_PREPARED
CASE_00001676,ANALYSIS_COMPLETE,SEQUENCING_STARTED,SEQUENCING_STARTED
CASE_00001691,SEQUENCING_STARTED,LIBRARY_PREPARED,LIBRARY_PREPARED
CASE_00001695,SEQUENCING_STARTED,REVIEWED,REVIEWED
CASE_00001697,SEQUENCING_STARTED,SEQUENCING_STARTED,SEQUENCING_STARTED
CASE_00001715,LIBRARY_PREPARED,ANALYSIS_COMPLETE,ANALYSIS_COMPLETE
CASE_00001716,SEQUENCING_STARTED,LIBRARY_PREPARED,LIBRARY_PREPARED
CASE_00001717,SEQUENCING_STARTED,SEQUENCING_STARTED,SEQUENCING_STARTED
CASE_00001733,SEQUENCING_STARTED,ANALYSIS_COMPLETE,SEQUENCING_STARTED
CASE_00001741,LIBRARY_PREPARED,LIBRARY_PREPARED,LIBRARY_PREPARED
CASE_00001750,ANALYSIS_COMPLETE,SEQUENCING_STARTED,SEQUENCING_STARTED
CASE_00001754,SEQUENCING_STARTED,SEQUENCING_STARTED,SEQUENCING_STARTED
CASE_00001761,SEQUENCING_STARTED,SEQUENCING_STARTED,SEQUENCING_STARTED
CASE_00001766,LIBRARY_PREPARED,ANALYSIS_COMPLETE,ANALYSIS_COMPLETE
CASE_00001786,SEQUENCING_STARTED,SEQUENCING_STARTED,SEQUENCING_STARTED
CASE_00001795,ANALYSIS_COMPLETE,SEQUENCING_STARTED,SEQUENCING_STARTED
CASE_00001799,SEQUENCING_STARTED,SEQUENCING_STARTED,SEQUENCING_STARTED
CASE_00001804,SEQUENCING_STARTED,ANALYSIS_COMPLETE,SEQUENCING_STARTED
CASE_00001813,SEQUENCING_STARTED,SEQUENCING_STARTED,SEQUENCING_STARTED
CASE_00001815,SEQUENCING_STARTED,LIBRARY_PREPARED,SEQUENCING_STARTED
CASE_00001830,SEQUENCING_STARTED,SEQUENCING_STARTED,SEQUENCING_STARTED
CASE_00001831,SEQUENCING_STARTED,SEQUENCING_STARTED,SEQUENCING_STARTED
CASE_00001838,SEQUENCING_STARTED,SEQUENCING_STARTED,SEQUENCING_STARTED
CASE_00001844,SEQUENCING_STARTED,SEQUENCING_STARTED,SEQUENCING_STARTED
CASE_00001847,SEQUENCING_STARTED,SEQUENCING_STARTED,SEQUENCING_STARTED
CASE_00001848,SEQUENCING_STARTED,LIBRARY_PREPARED,LIBRARY_PREPARED
CASE_00001852,LIBRARY_PREPARED,LIBRARY_PREPARED,LIBRARY_PREPARED
CASE_00001857,SEQUENCING_STARTED,REVIEWED,REVIEWED
CASE_00001859,ANALYSIS_COMPLETE,SEQUENCING_STARTED,SEQUENCING_STARTED
CASE_00001873,SEQUENCING_STARTED,LIBRARY_PREPARED,LIBRARY_PREPARED
CASE_00001878,ANALYSIS_COMPLETE,LIBRARY_PREPARED,LIBRARY_PREPARED
CASE_00001881,SEQUENCING_STARTED,ANALYSIS_COMPLETE,SEQUENCING_STARTED
CASE_00001883,ANALYSIS_COMPLETE,ANALYSIS_COMPLETE,SEQUENCING_STARTED
CASE_00001889,REVIEWED,ANALYSIS_COMPLETE,ANALYSIS_COMPLETE
CASE_00001892,SEQUENCING_STARTED,ANALYSIS_COMPLETE,SEQUENCING_STARTED
CASE_00001897,ANALYSIS_COMPLETE,LIBRARY_PREPARED,LIBRARY_PREPARED
CASE_00001900,LIBRARY_PREPARED,LIBRARY_PREPARED,LIBRARY_PREPARED
CASE_00001906,SEQUENCING_STARTED,RELEASED,RELEASED
CASE_00001911,SEQUENCING_STARTED,ANALYSIS_COMPLETE,ANALYSIS_COMPLETE
CASE_00001914,SEQUENCING_STARTED,SEQUENCING_STARTED,SEQUENCING_STARTED
CASE_00001923,LIBRARY_PREPARED,LIBRARY_PREPARED,LIBRARY_PREPARED
CASE_00001937,SEQUENCING_STARTED,SEQUENCING_STARTED,SEQUENCING_STARTED
CASE_00001938,SEQUENCING_STARTED,SEQUENCING_STARTED,SEQUENCING_STARTED
CASE_00001939,SEQUENCING_STARTED,SEQUENCING_STARTED,SEQUENCING_STARTED
CASE_00001944,ANALYSIS_COMPLETE,SEQUENCING_STARTED,SEQUENCING_STARTED
CASE_00001948,SEQUENCING_STARTED,SEQUENCING_STARTED,SEQUENCING_STARTED
CASE_00001954,ANALYSIS_COMPLETE,SEQUENCING_STARTED,SEQUENCING_STARTED
CASE_00001957,ANALYSIS_COMPLETE,ANALYSIS_COMPLETE,ACCESSIONED
CASE_00001960,ANALYSIS_COMPLETE,LIBRARY_PREPARED,LIBRARY_PREPARED
CASE_00001966,SEQUENCING_STARTED,SEQUENCING_STARTED,SEQUENCING_STARTED
CASE_00001968,SEQUENCING_STARTED,LIBRARY_PREPARED,LIBRARY_PREPARED
CASE_00001969,ANALYSIS_COMPLETE,SEQUENCING_STARTED,SEQUENCING_STARTED
CASE_00001970,SEQUENCING_STARTED,ANALYSIS_COMPLETE,SEQUENCING_STARTED
CASE_00001974,ANALYSIS_COMPLETE,SEQUENCING_STARTED,SEQUENCING_STARTED
CASE_00001977,SEQUENCING_STARTED,REVIEWED,REVIEWED
CASE_00001993,ANALYSIS_COMPLETE,ANALYSIS_COMPLETE,ACCESSIONED
CASE_00001994,ANALYSIS_COMPLETE,SEQUENCING_STARTED,SEQUENCING_STARTED
CASE_00001998,ANALYSIS_COMPLETE,ANALYSIS_COMPLETE,ACCESSIONED
CASE_00002002,LIBRARY_PREPARED,LIBRARY_PREPARED,LIBRARY_PREPARED
CASE_00002017,SEQUENCING_STARTED,RELEASED,SEQUENCING_STARTED
CASE_00002020,ANALYSIS_COMPLETE,ANALYSIS_COMPLETE,ANALYSIS_COMPLETE
CASE_00002028,SEQUENCING_STARTED,SEQUENCING_STARTED,SEQUENCING_STARTED
CASE_00002040,ANALYSIS_COMPLETE,ANALYSIS_COMPLETE,ANALYSIS_COMPLETE
CASE_00002042,LIBRARY_PREPARED,LIBRARY_PREPARED,LIBRARY_PREPARED
CASE_00002043,ANALYSIS_COMPLETE,ANALYSIS_COMPLETE,ANALYSIS_COMPLETE
CASE_00002046,ANALYSIS_COMPLETE,SEQUENCING_STARTED,SEQUENCING_STARTED
CASE_00002047,SEQUENCING_STARTED,LIBRARY_PREPARED,LIBRARY_PREPARED
CASE_00002056,ANALYSIS_COMPLETE,LIBRARY_PREPARED,LIBRARY_PREPARED
CASE_00002066,SEQUENCING_STARTED,SEQUENCING_STARTED,SEQUENCING_STARTED
CASE_00002078,SEQUENCING_STARTED,SEQUENCING_STARTED,SEQUENCING_STARTED
CASE_00002080,REVIEWED,ANALYSIS_COMPLETE,ANALYSIS_COMPLETE
CASE_00002088,ANALYSIS_COMPLETE,SEQUENCING_STARTED,SEQUENCING_STARTED
CASE_00002093,SEQUENCING_STARTED,SEQUENCING_STARTED,SEQUENCING_STARTED
CASE_00002095,SEQUENCING_STARTED,SEQUENCING_STARTED,SEQUENCING_STARTED
CASE_00002097,LIBRARY_PREPARED,LIBRARY_PREPARED,LIBRARY_PREPARED
CASE_00002103,SEQUENCING_STARTED,LIBRARY_PREPARED,LIBRARY_PREPARED
CASE_00002143,SEQUENCING_STARTED,ANALYSIS_COMPLETE,SEQUENCING_STARTED
CASE_00002150,SEQUENCING_STARTED,SEQUENCING_STARTED,SEQUENCING_STARTED
CASE_00002151,SEQUENCING_STARTED,LIBRARY_PREPARED,LIBRARY_PREPARED
CASE_00002156,SEQUENCING_STARTED,SEQUENCING_STARTED,SEQUENCING_STARTED
CASE_00002162,SEQUENCING_STARTED,SEQUENCING_STARTED,SEQUENCING_STARTED
CASE_00002163,SEQUENCING_STARTED,SEQUENCING_STARTED,SEQUENCING_STARTED
CASE_00002173,SEQUENCING_STARTED,ANALYSIS_COMPLETE,SEQUENCING_STARTED
CASE_00002176,SEQUENCING_STARTED,LIBRARY_PREPARED,LIBRARY_PREPARED
CASE_00002186,SEQUENCING_STARTED,SEQUENCING_STARTED,SEQUENCING_STARTED
CASE_00002196,REVIEWED,ANALYSIS_COMPLETE,ANALYSIS_COMPLETE
CASE_00002197,SEQUENCING_STARTED,LIBRARY_PREPARED,LIBRARY_PREPARED
CASE_00002202,LIBRARY_PREPARED,LIBRARY_PREPARED,LIBRARY_PREPARED
CASE_00002214,SEQUENCING_STARTED,LIBRARY_PREPARED,LIBRARY_PREPARED
CASE_00002217,ANALYSIS_COMPLETE,SEQUENCING_STARTED,SEQUENCING_STARTED
CASE_00002218,SEQUENCING_STARTED,SEQUENCING_STARTED,SEQUENCING_STARTED
CASE_00002225,SEQUENCING_STARTED,ANALYSIS_COMPLETE,SEQUENCING_STARTED
CASE_00002228,SEQUENCING_STARTED,ANALYSIS_COMPLETE,SEQUENCING_STARTED
CASE_00002233,SEQUENCING_STARTED,LIBRARY_PREPARED,LIBRARY_PREPARED
CASE_00002248,SEQUENCING_STARTED,LIBRARY_PREPARED,LIBRARY_PREPARED
CASE_00002250,SEQUENCING_STARTED,SEQUENCING_STARTED,SEQUENCING_STARTED
CASE_00002253,SEQUENCING_STARTED,SEQUENCING_STARTED,SEQUENCING_STARTED
CASE_00002258,SEQUENCING_STARTED,ANALYSIS_COMPLETE,SEQUENCING_STARTED
CASE_00002280,LIBRARY_PREPARED,LIBRARY_PREPARED,LIBRARY_PREPARED
CASE_00002292,REVIEWED,ANALYSIS_COMPLETE,ANALYSIS_COMPLETE
CASE_00002293,SEQUENCING_STARTED,SEQUENCING_STARTED,SEQUENCING_STARTED
CASE_00002308,SEQUENCING_STARTED,LIBRARY_PREPARED,LIBRARY_PREPARED
CASE_00002310,SEQUENCING_STARTED,SEQUENCING_STARTED,SEQUENCING_STARTED
CASE_00002313,ANALYSIS_COMPLETE,ANALYSIS_COMPLETE,ANALYSIS_COMPLETE
CASE_00002323,ANALYSIS_COMPLETE,ANALYSIS_COMPLETE,ANALYSIS_COMPLETE
CASE_00002329,ANALYSIS_COMPLETE,SEQUENCING_STARTED,SEQUENCING_STARTED
CASE_00002333,LIBRARY_PREPARED,LIBRARY_PREPARED,LIBRARY_PREPARED
CASE_00002336,ANALYSIS_COMPLETE,SEQUENCING_STARTED,SEQUENCING_STARTED
CASE_00002343,SEQUENCING_STARTED,ANALYSIS_COMPLETE,SEQUENCING_STARTED
CASE_00002347,LIBRARY_PREPARED,LIBRARY_PREPARED,LIBRARY_PREPARED
CASE_00002358,SEQUENCING_STARTED,LIBRARY_PREPARED,LIBRARY_PREPARED
CASE_00002367,SEQUENCING_STARTED,SEQUENCING_STARTED,SEQUENCING_STARTED
CASE_00002372,ANALYSIS_COMPLETE,ANALYSIS_COMPLETE,ANALYSIS_COMPLETE
CASE_00002375,SEQUENCING_STARTED,SEQUENCING_STARTED,SEQUENCING_STARTED
CASE_00002381,SEQUENCING_STARTED,ANALYSIS_COMPLETE,SEQUENCING_STARTED
CASE_00002383,SEQUENCING_STARTED,SEQUENCING_STARTED,SEQUENCING_STARTED
CASE_00002387,SEQUENCING_STARTED,SEQUENCING_STARTED,SEQUENCING_STARTED
CASE_00002390,SEQUENCING_STARTED,REVIEWED,REVIEWED
CASE_00002391,SEQUENCING_STARTED,SEQUENCING_STARTED,SEQUENCING_STARTED
CASE_00002395,ANALYSIS_COMPLETE,SEQUENCING_STARTED,SEQUENCING_STARTED
CASE_00002403,SEQUENCING_STARTED,LIBRARY_PREPARED,LIBRARY_PREPARED
CASE_00002404,SEQUENCING_STARTED,ANALYSIS_COMPLETE,SEQUENCING_STARTED
CASE_00002406,SEQUENCING_STARTED,SEQUENCING_STARTED,SEQUENCING_STARTED
CASE_00002409,SEQUENCING_STARTED,SEQUENCING_STARTED,SEQUENCING_STARTED
CASE_00002410,SEQUENCING_STARTED,SEQUENCING_STARTED,SEQUENCING_STARTED
CASE_00002412,SEQUENCING_STARTED,LIBRARY_PREPARED,LIBRARY_PREPARED
CASE_00002417,SEQUENCING_STARTED,LIBRARY_PREPARED,LIBRARY_PREPARED
CASE_00002420,SEQUENCING_STARTED,SEQUENCING_STARTED,SEQUENCING_STARTED
CASE_00002424,SEQUENCING_STARTED,SEQUENCING_STARTED,SEQUENCING_STARTED
CASE_00002435,SEQUENCING_STARTED,SEQUENCING_STARTED,SEQUENCING_STARTED
CASE_00002439,ANALYSIS_COMPLETE,ANALYSIS_COMPLETE,SEQUENCING_STARTED
CASE_00002443,SEQUENCING_STARTED,SEQUENCING_STARTED,SEQUENCING_STARTED
CASE_00002445,SEQUENCING_STARTED,SEQUENCING_STARTED,SEQUENCING_STARTED
CASE_00002451,ANALYSIS_COMPLETE,ANALYSIS_COMPLETE,SEQUENCING_STARTED
CASE_00002452,LIBRARY_PREPARED,LIBRARY_PREPARED,LIBRARY_PREPARED
CASE_00002453,SEQUENCING_STARTED,ANALYSIS_COMPLETE,SEQUENCING_STARTED
CASE_00002471,SEQUENCING_STARTED,ANALYSIS_COMPLETE,SEQUENCING_STARTED
CASE_00002477,SEQUENCING_STARTED,SEQUENCING_STARTED,SEQUENCING_STARTED
CASE_00002480,SEQUENCING_STARTED,SEQUENCING_STARTED,SEQUENCING_STARTED
CASE_00002481,SEQUENCING_STARTED,LIBRARY_PREPARED,SEQUENCING_STARTED
CASE_00002487,ANALYSIS_COMPLETE,LIBRARY_PREPARED,LIBRARY_PREPARED
CASE_00002489,LIBRARY_PREPARED,LIBRARY_PREPARED,LIBRARY_PREPARED
CASE_00002494,SEQUENCING_STARTED,ANALYSIS_COMPLETE,SEQUENCING_STARTED
CASE_00002497,SEQUENCING_STARTED,REVIEWED,REVIEWED
CASE_00002498,LIBRARY_PREPARED,LIBRARY_PREPARED,LIBRARY_PREPARED
CASE_00002501,SEQUENCING_STARTED,LIBRARY_PREPARED,LIBRARY_PREPARED
CASE_00002525,SEQUENCING_STARTED,SEQUENCING_STARTED,SEQUENCING_STARTED
CASE_00002527,SEQUENCING_STARTED,SEQUENCING_STARTED,SEQUENCING_STARTED
CASE_00002531,SEQUENCING_STARTED,ANALYSIS_COMPLETE,SEQUENCING_STARTED
CASE_00002534,SEQUENCING_STARTED,SEQUENCING_STARTED,SEQUENCING_STARTED
CASE_00002537,SEQUENCING_STARTED,ANALYSIS_COMPLETE,SEQUENCING_STARTED
CASE_00002542,SEQUENCING_STARTED,LIBRARY_PREPARED,LIBRARY_PREPARED
CASE_00002544,SEQUENCING_STARTED,LIBRARY_PREPARED,LIBRARY_PREPARED
CASE_00002548,ANALYSIS_COMPLETE,ANALYSIS_COMPLETE,ANALYSIS_COMPLETE
CASE_00002549,LIBRARY_PREPARED,LIBRARY_PREPARED,LIBRARY_PREPARED
CASE_00002550,ANALYSIS_COMPLETE,SEQUENCING_STARTED,SEQUENCING_STARTED
CASE_00002555,SEQUENCING_STARTED,SEQUENCING_STARTED,SEQUENCING_STARTED
CASE_00002567,LIBRARY_PREPARED,LIBRARY_PREPARED,LIBRARY_PREPARED
CASE_00002574,SEQUENCING_STARTED,SEQUENCING_STARTED,SEQUENCING_STARTED
CASE_00002580,SEQUENCING_STARTED,SEQUENCING_STARTED,SEQUENCING_STARTED
CASE_00002585,ANALYSIS_COMPLETE,LIBRARY_PREPARED,LIBRARY_PREPARED
CASE_00002597,SEQUENCING_STARTED,LIBRARY_PREPARED,LIBRARY_PREPARED
CASE_00002614,SEQUENCING_STARTED,SEQUENCING_STARTED,SEQUENCING_STARTED
CASE_00002622,SEQUENCING_STARTED,LIBRARY_PREPARED,LIBRARY_PREPARED
CASE_00002624,ANALYSIS_COMPLETE,LIBRARY_PREPARED,LIBRARY_PREPARED
CASE_00002626,SEQUENCING_STARTED,SEQUENCING_STARTED,SEQUENCING_STARTED
CASE_00002628,ANALYSIS_COMPLETE,SEQUENCING_STARTED,SEQUENCING_STARTED
CASE_00002631,ANALYSIS_COMPLETE,LIBRARY_PREPARED,LIBRARY_PREPARED
CASE_00002633,SEQUENCING_STARTED,LIBRARY_PREPARED,LIBRARY_PREPARED
CASE_00002635,SEQUENCING_STARTED,LIBRARY_PREPARED,LIBRARY_PREPARED
CASE_00002637,SEQUENCING_STARTED,LIBRARY_PREPARED,LIBRARY_PREPARED
CASE_00002639,ANALYSIS_COMPLETE,ANALYSIS_COMPLETE,ANALYSIS_COMPLETE
CASE_00002656,ANALYSIS_COMPLETE,SEQUENCING_STARTED,SEQUENCING_STARTED
CASE_00002664,SEQUENCING_STARTED,LIBRARY_PREPARED,LIBRARY_PREPARED
CASE_00002665,ANALYSIS_COMPLETE,LIBRARY_PREPARED,LIBRARY_PREPARED
CASE_00002669,SEQUENCING_STARTED,RELEASED,LIBRARY_PREPARED
CASE_00002674,LIBRARY_PREPARED,LIBRARY_PREPARED,LIBRARY_PREPARED
CASE_00002683,SEQUENCING_STARTED,LIBRARY_PREPARED,LIBRARY_PREPARED
CASE_00002686,SEQUENCING_STARTED,ANALYSIS_COMPLETE,SEQUENCING_STARTED
CASE_00002693,SEQUENCING_STARTED,SEQUENCING_STARTED,SEQUENCING_STARTED
CASE_00002719,SEQUENCING_STARTED,ANALYSIS_COMPLETE,SEQUENCING_STARTED
CASE_00002723,SEQUENCING_STARTED,SEQUENCING_STARTED,SEQUENCING_STARTED
CASE_00002726,ANALYSIS_COMPLETE,ANALYSIS_COMPLETE,ANALYSIS_COMPLETE
CASE_00002732,SEQUENCING_STARTED,LIBRARY_PREPARED,LIBRARY_PREPARED
CASE_00002745,SEQUENCING_STARTED,SEQUENCING_STARTED,SEQUENCING_STARTED
CASE_00002751,ANALYSIS_COMPLETE,SEQUENCING_STARTED,SEQUENCING_STARTED
CASE_00002753,SEQUENCING_STARTED,LIBRARY_PREPARED,LIBRARY_PREPARED
CASE_00002757,SEQUENCING_STARTED,SEQUENCING_STARTED,SEQUENCING_STARTED
CASE_00002765,ANALYSIS_COMPLETE,LIBRARY_PREPARED,LIBRARY_PREPARED
CASE_00002766,SEQUENCING_STARTED,LIBRARY_PREPARED,LIBRARY_PREPARED
CASE_00002767,SEQUENCING_STARTED,LIBRARY_PREPARED,LIBRARY_PREPARED
CASE_00002769,SEQUENCING_STARTED,LIBRARY_PREPARED,LIBRARY_PREPARED
CASE_00002778,LIBRARY_PREPARED,LIBRARY_PREPARED,LIBRARY_PREPARED
CASE_00002793,ANALYSIS_COMPLETE,LIBRARY_PREPARED,LIBRARY_PREPARED
CASE_00002801,LIBRARY_PREPARED,LIBRARY_PREPARED,LIBRARY_PREPARED
CASE_00002806,ANALYSIS_COMPLETE,SEQUENCING_STARTED,SEQUENCING_STARTED
CASE_00002807,LIBRARY_PREPARED,LIBRARY_PREPARED,LIBRARY_PREPARED
CASE_00002809,SEQUENCING_STARTED,SEQUENCING_STARTED,SEQUENCING_STARTED
CASE_00002810,SEQUENCING_STARTED,ANALYSIS_COMPLETE,SEQUENCING_STARTED
CASE_00002821,SEQUENCING_STARTED,SEQUENCING_STARTED,SEQUENCING_STARTED
CASE_00002833,SEQUENCING_STARTED,REVIEWED,REVIEWED
CASE_00002841,SEQUENCING_STARTED,LIBRARY_PREPARED,LIBRARY_PREPARED
CASE_00002847,ANALYSIS_COMPLETE,LIBRARY_PREPARED,LIBRARY_PREPARED
CASE_00002853,SEQUENCING_STARTED,LIBRARY_PREPARED,LIBRARY_PREPARED
CASE_00002858,SEQUENCING_STARTED,LIBRARY_PREPARED,LIBRARY_PREPARED
CASE_00002859,LIBRARY_PREPARED,LIBRARY_PREPARED,LIBRARY_PREPARED
CASE_00002860,SEQUENCING_STARTED,SEQUENCING_STARTED,SEQUENCING_STARTED
CASE_00002862,SEQUENCING_STARTED,LIBRARY_PREPARED,LIBRARY_PREPARED
CASE_00002869,SEQUENCING_STARTED,SEQUENCING_STARTED,SEQUENCING_STARTED
CASE_00002874,SEQUENCING_STARTED,SEQUENCING_STARTED,SEQUENCING_STARTED
CASE_00002880,LIBRARY_PREPARED,LIBRARY_PREPARED,LIBRARY_PREPARED
CASE_00002882,SEQUENCING_STARTED,SEQUENCING_STARTED,SEQUENCING_STARTED
CASE_00002886,SEQUENCING_STARTED,SEQUENCING_STARTED,SEQUENCING_STARTED
CASE_00002887,SEQUENCING_STARTED,ANALYSIS_COMPLETE,SEQUENCING_STARTED
CASE_00002889,ANALYSIS_COMPLETE,LIBRARY_PREPARED,LIBRARY_PREPARED
CASE_00002891,SEQUENCING_STARTED,SEQUENCING_STARTED,SEQUENCING_STARTED
CASE_00002894,LIBRARY_PREPARED,LIBRARY_PREPARED,LIBRARY_PREPARED
CASE_00002895,SEQUENCING_STARTED,ANALYSIS_COMPLETE,SEQUENCING_STARTED
CASE_00002896,SEQUENCING_STARTED,SEQUENCING_STARTED,SEQUENCING_STARTED
CASE_00002904,REVIEWED,SEQUENCING_STARTED,SEQUENCING_STARTED
CASE_00002922,SEQUENCING_STARTED,SEQUENCING_STARTED,SEQUENCING_STARTED
CASE_00002930,SEQUENCING_STARTED,SEQUENCING_STARTED,SEQUENCING_STARTED
CASE_00002931,ANALYSIS_COMPLETE,SEQUENCING_STARTED,SEQUENCING_STARTED
CASE_00002932,ANALYSIS_COMPLETE,SEQUENCING_STARTED,SEQUENCING_STARTED
CASE_00002936,ANALYSIS_COMPLETE,SEQUENCING_STARTED,SEQUENCING_STARTED
CASE_00002944,ANALYSIS_COMPLETE,ANALYSIS_COMPLETE,ANALYSIS_COMPLETE
CASE_00002945,SEQUENCING_STARTED,LIBRARY_PREPARED,LIBRARY_PREPARED
CASE_00002946,SEQUENCING_STARTED,SEQUENCING_STARTED,SEQUENCING_STARTED
CASE_00002955,SEQUENCING_STARTED,SEQUENCING_STARTED,SEQUENCING_STARTED
CASE_00002956,SEQUENCING_STARTED,LIBRARY_PREPARED,LIBRARY_PREPARED
CASE_00002958,SEQUENCING_STARTED,SEQUENCING_STARTED,SEQUENCING_STARTED
CASE_00002960,SEQUENCING_STARTED,LIBRARY_PREPARED,LIBRARY_PREPARED
CASE_00002970,SEQUENCING_STARTED,SEQUENCING_STARTED,SEQUENCING_STARTED
CASE_00002979,SEQUENCING_STARTED,SEQUENCING_STARTED,SEQUENCING_STARTED
CASE_00002996,SEQUENCING_STARTED,LIBRARY_PREPARED,LIBRARY_PREPARED
CASE_00002999,SEQUENCING_STARTED,LIBRARY_PREPARED,REVIEWED
CASE_00003017,ANALYSIS_COMPLETE,SEQUENCING_STARTED,SEQUENCING_STARTED
CASE_00003018,SEQUENCING_STARTED,ANALYSIS_COMPLETE,SEQUENCING_STARTED
CASE_00003021,ANALYSIS_COMPLETE,SEQUENCING_STARTED,SEQUENCING_STARTED
CASE_00003025,SEQUENCING_STARTED,LIBRARY_PREPARED,SEQUENCING_STARTED
CASE_00003035,SEQUENCING_STARTED,SEQUENCING_STARTED,SEQUENCING_STARTED
CASE_00003037,ANALYSIS_COMPLETE,SEQUENCING_STARTED,SEQUENCING_STARTED
CASE_00003045,ANALYSIS_COMPLETE,ANALYSIS_COMPLETE,ANALYSIS_COMPLETE
CASE_00003046,ANALYSIS_COMPLETE,ANALYSIS_COMPLETE,ANALYSIS_COMPLETE
CASE_00003047,LIBRARY_PREPARED,LIBRARY_PREPARED,LIBRARY_PREPARED
CASE_00003049,SEQUENCING_STARTED,LIBRARY_PREPARED,LIBRARY_PREPARED
CASE_00003057,SEQUENCING_STARTED,SEQUENCING_STARTED,ANALYSIS_COMPLETE
CASE_00003058,ANALYSIS_COMPLETE,SEQUENCING_STARTED,SEQUENCING_STARTED
CASE_00003061,ANALYSIS_COMPLETE,SEQUENCING_STARTED,SEQUENCING_STARTED
CASE_00003066,SEQUENCING_STARTED,ANALYSIS_COMPLETE,SEQUENCING_STARTED
CASE_00003074,ANALYSIS_COMPLETE,SEQUENCING_STARTED,SEQUENCING_STARTED
CASE_00003077,ANALYSIS_COMPLETE,LIBRARY_PREPARED,LIBRARY_PREPARED
CASE_00003091,ANALYSIS_COMPLETE,SEQUENCING_STARTED,SEQUENCING_STARTED
CASE_00003093,LIBRARY_PREPARED,LIBRARY_PREPARED,LIBRARY_PREPARED
CASE_00003102,SEQUENCING_STARTED,SEQUENCING_STARTED,SEQUENCING_STARTED
CASE_00003112,LIBRARY_PREPARED,LIBRARY_PREPARED,LIBRARY_PREPARED
CASE_00003122,ANALYSIS_COMPLETE,SEQUENCING_STARTED,SEQUENCING_STARTED
CASE_00003128,LIBRARY_PREPARED,LIBRARY_PREPARED,LIBRARY_PREPARED
CASE_00003138,LIBRARY_PREPARED,LIBRARY_PREPARED,LIBRARY_PREPARED
CASE_00003158,ANALYSIS_COMPLETE,ANALYSIS_COMPLETE,ANALYSIS_COMPLETE
CASE_00003167,SEQUENCING_STARTED,SEQUENCING_STARTED,SEQUENCING_STARTED
CASE_00003173,SEQUENCING_STARTED,SEQUENCING_STARTED,SEQUENCING_STARTED
CASE_00003178,ANALYSIS_COMPLETE,SEQUENCING_STARTED,SEQUENCING_STARTED
CASE_00003180,ANALYSIS_COMPLETE,LIBRARY_PREPARED,SEQUENCING_STARTED
CASE_00003184,SEQUENCING_STARTED,SEQUENCING_STARTED,SEQUENCING_STARTED
CASE_00003186,SEQUENCING_STARTED,LIBRARY_PREPARED,LIBRARY_PREPARED
CASE_00003190,SEQUENCING_STARTED,LIBRARY_PREPARED,LIBRARY_PREPARED
CASE_00003196,LIBRARY_PREPARED,ANALYSIS_COMPLETE,ANALYSIS_COMPLETE
CASE_00003201,SEQUENCING_STARTED,ANALYSIS_COMPLETE,SEQUENCING_STARTED
CASE_00003202,SEQUENCING_STARTED,LIBRARY_PREPARED,LIBRARY_PREPARED
CASE_00003205,SEQUENCING_STARTED,SEQUENCING_STARTED,SEQUENCING_STARTED
CASE_00003206,SEQUENCING_STARTED,LIBRARY_PREPARED,LIBRARY_PREPARED
CASE_00003216,REVIEWED,ANALYSIS_COMPLETE,ANALYSIS_COMPLETE
CASE_00003217,ANALYSIS_COMPLETE,SEQUENCING_STARTED,SEQUENCING_STARTED
CASE_00003223,LIBRARY_PREPARED,LIBRARY_PREPARED,LIBRARY_PREPARED
CASE_00003226,SEQUENCING_STARTED,ANALYSIS_COMPLETE,RELEASED
CASE_00003227,SEQUENCING_STARTED,SEQUENCING_STARTED,SEQUENCING_STARTED
CASE_00003230,SEQUENCING_STARTED,LIBRARY_PREPARED,SEQUENCING_STARTED
CASE_00003243,SEQUENCING_STARTED,LIBRARY_PREPARED,LIBRARY_PREPARED
CASE_00003249,SEQUENCING_STARTED,SEQUENCING_STARTED,SEQUENCING_STARTED
CASE_00003258,SEQUENCING_STARTED,ANALYSIS_COMPLETE,SEQUENCING_STARTED
CASE_00003260,SEQUENCING_STARTED,LIBRARY_PREPARED,SEQUENCING_STARTED
CASE_00003270,SEQUENCING_STARTED,LIBRARY_PREPARED,LIBRARY_PREPARED
CASE_00003272,SEQUENCING_STARTED,ANALYSIS_COMPLETE,ANALYSIS_COMPLETE
CASE_00003277,SEQUENCING_STARTED,LIBRARY_PREPARED,LIBRARY_PREPARED
CASE_00003281,SEQUENCING_STARTED,SEQUENCING_STARTED,SEQUENCING_STARTED
CASE_00003283,LIBRARY_PREPARED,LIBRARY_PREPARED,LIBRARY_PREPARED
CASE_00003285,ANALYSIS_COMPLETE,ANALYSIS_COMPLETE,ANALYSIS_COMPLETE
CASE_00003288,SEQUENCING_STARTED,SEQUENCING_STARTED,SEQUENCING_STARTED
CASE_00003292,LIBRARY_PREPARED,LIBRARY_PREPARED,LIBRARY_PREPARED
CASE_00003300,SEQUENCING_STARTED,SEQUENCING_STARTED,SEQUENCING_STARTED
CASE_00003305,SEQUENCING_STARTED,SEQUENCING_STARTED,SEQUENCING_STARTED
CASE_00003307,SEQUENCING_STARTED,SEQUENCING_STARTED,SEQUENCING_STARTED
CASE_00003324,ANALYSIS_COMPLETE,LIBRARY_PREPARED,LIBRARY_PREPARED
CASE_00003333,SEQUENCING_STARTED,RELEASED,LIBRARY_PREPARED
CASE_00003337,SEQUENCING_STARTED,SEQUENCING_STARTED,SEQUENCING_STARTED
CASE_00003339,ANALYSIS_COMPLETE,SEQUENCING_STARTED,SEQUENCING_STARTED
CASE_00003343,ANALYSIS_COMPLETE,ANALYSIS_COMPLETE,ANALYSIS_COMPLETE
CASE_00003347,SEQUENCING_STARTED,LIBRARY_PREPARED,LIBRARY_PREPARED
CASE_00003348,SEQUENCING_STARTED,SEQUENCING_STARTED,SEQUENCING_STARTED
CASE_00003357,ANALYSIS_COMPLETE,SEQUENCING_STARTED,SEQUENCING_STARTED
CASE_00003362,LIBRARY_PREPARED,LIBRARY_PREPARED,LIBRARY_PREPARED
CASE_00003369,SEQUENCING_STARTED,SEQUENCING_STARTED,SEQUENCING_STARTED
CASE_00003372,SEQUENCING_STARTED,LIBRARY_PREPARED,LIBRARY_PREPARED
CASE_00003373,SEQUENCING_STARTED,SEQUENCING_STARTED,SEQUENCING_STARTED
CASE_00003380,SEQUENCING_STARTED,SEQUENCING_STARTED,SEQUENCING_STARTED
CASE_00003393,ANALYSIS_COMPLETE,SEQUENCING_STARTED,SEQUENCING_STARTED
CASE_00003395,SEQUENCING_STARTED,LIBRARY_PREPARED,LIBRARY_PREPARED
CASE_00003397,SEQUENCING_STARTED,SEQUENCING_STARTED,SEQUENCING_STARTED
CASE_00003398,SEQUENCING_STARTED,SEQUENCING_STARTED,SEQUENCING_STARTED
CASE_00003400,SEQUENCING_STARTED,SEQUENCING_STARTED,SEQUENCING_STARTED
CASE_00003403,ANALYSIS_COMPLETE,SEQUENCING_STARTED,SEQUENCING_STARTED
CASE_00003406,ANALYSIS_COMPLETE,SEQUENCING_STARTED,SEQUENCING_STARTED
CASE_00003413,SEQUENCING_STARTED,SEQUENCING_STARTED,SEQUENCING_STARTED
CASE_00003415,SEQUENCING_STARTED,SEQUENCING_STARTED,SEQUENCING_STARTED
CASE_00003439,SEQUENCING_STARTED,LIBRARY_PREPARED,LIBRARY_PREPARED
CASE_00003467,REVIEWED,ANALYSIS_COMPLETE,ANALYSIS_COMPLETE
CASE_00003483,REVIEWED,ANALYSIS_COMPLETE,ANALYSIS_COMPLETE
CASE_00003486,SEQUENCING_STARTED,SEQUENCING_STARTED,SEQUENCING_STARTED
CASE_00003487,SEQUENCING_STARTED,SEQUENCING_STARTED,SEQUENCING_STARTED
CASE_00003492,SEQUENCING_STARTED,LIBRARY_PREPARED,LIBRARY_PREPARED
