sample_class,period,queue_quartile,n_cases,n_delay,n_rework,delay_rate,delay_lift,rework_rate,rework_lift,top_localized_stage,n_localized
CLS-01,2024Q1,2,16,0,1,0.0,0.0,0.0625,0.7812,,0
CLS-01,2024Q1,3,36,4,2,0.11111,1.1017,0.05556,0.6944,SEQUENCING_STARTED,2
CLS-01,2024Q1,4,34,7,2,0.20588,2.0413,0.05882,0.7353,SEQUENCING_STARTED,4
CLS-01,2024Q2,1,50,4,8,0.08,0.7932,0.16,2.0,SEQUENCING_STARTED,1
CLS-01,2024Q2,2,18,2,3,0.11111,1.1017,0.16667,2.0833,,0
CLS-01,2024Q2,3,14,1,1,0.07143,0.7082,0.07143,0.8929,LIBRARY_PREPARED,1
CLS-01,2024Q2,4,20,1,2,0.05,0.4958,0.1,1.25,SEQUENCING_STARTED,1
CLS-01,2024Q3,1,71,4,6,0.05634,0.5586,0.08451,1.0563,SEQUENCING_STARTED,4
CLS-01,2024Q3,2,19,0,0,0.0,0.0,0.0,0.0,,0
CLS-01,2024Q3,3,10,0,0,0.0,0.0,0.0,0.0,,0
CLS-01,2024Q4,1,64,5,3,0.07812,0.7746,0.04688,0.5859,ANALYSIS_COMPLETE,4
CLS-01,2024Q4,2,31,5,5,0.16129,1.5992,0.16129,2.0161,ANALYSIS_COMPLETE,4
CLS-01,2024Q4,4,18,3,1,0.16667,1.6525,0.05556,0.6944,,0
CLS-01,2025Q1,2,17,2,1,0.11765,1.1665,0.05882,0.7353,LIBRARY_PREPARED,2
CLS-01,2025Q1,3,52,6,5,0.11538,1.144,0.09615,1.2019,LIBRARY_PREPARED,4
CLS-01,2025Q1,4,47,6,2,0.12766,1.2657,0.04255,0.5319,LIBRARY_PREPARED,4
CLS-01,2025Q2,1,29,2,2,0.06897,0.6838,0.06897,0.8621,,0
CLS-01,2025Q2,2,12,3,0,0.25,2.4788,0.0,0.0,,0
CLS-01,2025Q2,3,20,3,2,0.15,1.4873,0.1,1.25,ANALYSIS_COMPLETE,3
CLS-01,2025Q2,4,26,5,2,0.19231,1.9067,0.07692,0.9615,ANALYSIS_COMPLETE,3
CLS-01,2025Q3,1,31,0,3,0.0,0.0,0.09677,1.2097,,0
CLS-01,2025Q3,2,28,2,3,0.07143,0.7082,0.10714,1.3393,SEQUENCING_STARTED,1
CLS-01,2025Q3,3,3,1,1,0.33333,3.305,0.33333,4.1667,,0
CLS-01,2025Q4,1,40,3,2,0.075,0.7436,0.05,0.625,ANALYSIS_COMPLETE,2
CLS-01,2025Q4,2,8,0,0,0.0,0.0,0.0,0.0,,0
CLS-01,2025Q4,3,15,2,3,0.13333,1.322,0.2,2.5,SEQUENCING_STARTED,1
CLS-01,2025Q4,4,9,2,0,0.22222,2.2033,0.0,0.0,,0
CLS-01,2026Q1,2,12,2,1,0.16667,1.6525,0.08333,1.0417,,0
CLS-01,2026Q1,3,9,2,0,0.22222,2.2033,0.0,0.0,SEQUENCING_STARTED,1
CLS-01,2026Q1,4,54,7,4,0.12963,1.2853,0.07407,0.9259,LIBRARY_PREPARED,5
CLS-01,2026Q2,1,8,0,2,0.0,0.0,0.25,3.125,,0
CLS-01,2026Q2,2,11,0,0,0.0,0.0,0.0,0.0,,0
CLS-01,2026Q2,3,21,1,3,0.04762,0.4721,0.14286,1.7857,,0
CLS-01,2026Q2,4,6,1,0,0.16667,1.6525,0.0,0.0,,0
CLS-02,2024Q1,2,7,0,0,0.0,0.0,0.0,0.0,,0
CLS-02,2024Q1,3,21,2,3,0.09524,0.9443,0.14286,1.7857,LIBRARY_PREPARED,2
CLS-02,2024Q1,4,20,2,4,0.1,0.9915,0.2,2.5,SEQUENCING_STARTED,2
CLS-02,2024Q2,1,25,2,2,0.08,0.7932,0.08,1.0,,0
CLS-02,2024Q2,2,11,1,0,0.09091,0.9014,0.0,0.0,,0
CLS-02,2024Q2,3,9,0,0,0.0,0.0,0.0,0.0,,0
CLS-02,2024Q2,4,21,2,2,0.09524,0.9443,0.09524,1.1905,,0
CLS-02,2024Q3,1,36,4,1,0.11111,1.1017,0.02778,0.3472,SEQUENCING_STARTED,2
CLS-02,2024Q3,2,18,1,2,0.05556,0.5508,0.11111,1.3889,ANALYSIS_COMPLETE,1
CLS-02,2024Q3,3,5,0,1,0.0,0.0,0.2,2.5,,0
CLS-02,2024Q4,1,26,0,3,0.0,0.0,0.11538,1.4423,,0
CLS-02,2024Q4,2,20,1,0,0.05,0.4958,0.0,0.0,,0
CLS-02,2024Q4,4,3,0,0,0.0,0.0,0.0,0.0,,0
CLS-02,2025Q1,2,16,2,1,0.125,1.2394,0.0625,0.7812,ACCESSIONED,2
CLS-02,2025Q1,3,19,1,1,0.05263,0.5218,0.05263,0.6579,,0
CLS-02,2025Q1,4,23,3,0,0.13043,1.2933,0.0,0.0,SEQUENCING_STARTED,3
CLS-02,2025Q2,1,18,2,1,0.11111,1.1017,0.05556,0.6944,,0
CLS-02,2025Q2,2,5,0,1,0.0,0.0,0.2,2.5,,0
CLS-02,2025Q2,3,11,0,1,0.0,0.0,0.09091,1.1364,,0
CLS-02,2025Q2,4,22,3,0,0.13636,1.352,0.0,0.0,SEQUENCING_STARTED,3
CLS-02,2025Q3,1,22,1,5,0.04545,0.4507,0.22727,2.8409,RELEASED,1
CLS-02,2025Q3,2,24,4,1,0.16667,1.6525,0.04167,0.5208,LIBRARY_PREPARED,3
CLS-02,2025Q3,3,4,1,1,0.25,2.4788,0.25,3.125,,0
CLS-02,2025Q4,1,20,0,1,0.0,0.0,0.05,0.625,,0
CLS-02,2025Q4,2,6,0,1,0.0,0.0,0.16667,2.0833,,0
CLS-02,2025Q4,3,10,1,2,0.1,0.9915,0.2,2.5,LIBRARY_PREPARED,1
CLS-02,2025Q4,4,7,3,0,0.42857,4.2493,0.0,0.0,,0
CLS-02,2026Q1,2,6,1,0,0.16667,1.6525,0.0,0.0,,0
CLS-02,2026Q1,3,7,1,0,0.14286,1.4164,0.0,0.0,SEQUENCING_STARTED,1
CLS-02,2026Q1,4,35,6,5,0.17143,1.6997,0.14286,1.7857,SEQUENCING_STARTED,2
CLS-02,2026Q2,1,6,1,0,0.16667,1.6525,0.0,0.0,,0
CLS-02,2026Q2,2,10,3,0,0.3,2.9745,0.0,0.0,LIBRARY_PREPARED,1
CLS-02,2026Q2,3,5,2,0,0.4,3.966,0.0,0.0,,0
CLS-02,2026Q2,4,1,0,0,0.0,0.0,0.0,0.0,,0
CLS-03,2024Q1,2,17,3,2,0.17647,1.7497,0.11765,1.4706,SEQUENCING_STARTED,1
CLS-03,2024Q1,3,35,5,4,0.14286,1.4164,0.11429,1.4286,LIBRARY_PREPARED,3
CLS-03,2024Q1,4,22,5,1,0.22727,2.2534,0.04545,0.5682,SEQUENCING_STARTED,1
CLS-03,2024Q2,1,26,1,1,0.03846,0.3813,0.03846,0.4808,,0
CLS-03,2024Q2,2,16,0,0,0.0,0.0,0.0,0.0,,0
CLS-03,2024Q2,3,12,0,3,0.0,0.0,0.25,3.125,,0
CLS-03,2024Q2,4,18,5,1,0.27778,2.7542,0.05556,0.6944,LIBRARY_PREPARED,3
CLS-03,2024Q3,1,57,1,3,0.01754,0.1739,0.05263,0.6579,,0
CLS-03,2024Q3,2,24,2,3,0.08333,0.8263,0.125,1.5625,,0
CLS-03,2024Q3,3,8,1,1,0.125,1.2394,0.125,1.5625,,0
CLS-03,2024Q4,1,57,4,9,0.07018,0.6958,0.15789,1.9737,,0
CLS-03,2024Q4,2,28,2,2,0.07143,0.7082,0.07143,0.8929,REVIEWED,1
CLS-03,2024Q4,4,21,2,1,0.09524,0.9443,0.04762,0.5952,,0
CLS-03,2025Q1,2,7,0,1,0.0,0.0,0.14286,1.7857,,0
CLS-03,2025Q1,3,25,3,2,0.12,1.1898,0.08,1.0,SEQUENCING_STARTED,1
CLS-03,2025Q1,4,45,5,2,0.11111,1.1017,0.04444,0.5556,REVIEWED,3
CLS-03,2025Q2,1,15,1,0,0.06667,0.661,0.0,0.0,,0
CLS-03,2025Q2,2,12,0,0,0.0,0.0,0.0,0.0,,0
CLS-03,2025Q2,3,22,0,1,0.0,0.0,0.04545,0.5682,,0
CLS-03,2025Q2,4,33,4,1,0.12121,1.2018,0.0303,0.3788,ANALYSIS_COMPLETE,2
CLS-03,2025Q3,1,21,3,3,0.14286,1.4164,0.14286,1.7857,LIBRARY_PREPARED,2
CLS-03,2025Q3,2,25,2,1,0.08,0.7932,0.04,0.5,,0
CLS-03,2025Q3,3,5,0,0,0.0,0.0,0.0,0.0,,0
CLS-03,2025Q4,1,36,2,3,0.05556,0.5508,0.08333,1.0417,SEQUENCING_STARTED,1
CLS-03,2025Q4,2,4,2,1,0.5,4.9575,0.25,3.125,SEQUENCING_STARTED,1
CLS-03,2025Q4,3,11,2,0,0.18182,1.8027,0.0,0.0,SEQUENCING_STARTED,1
CLS-03,2025Q4,4,7,1,0,0.14286,1.4164,0.0,0.0,,0
CLS-03,2026Q1,2,10,1,0,0.1,0.9915,0.0,0.0,,0
CLS-03,2026Q1,3,6,1,1,0.16667,1.6525,0.16667,2.0833,,0
CLS-03,2026Q1,4,41,8,4,0.19512,1.9346,0.09756,1.2195,SEQUENCING_STARTED,3
CLS-03,2026Q2,1,9,0,0,0.0,0.0,0.0,0.0,,0
CLS-03,2026Q2,2,6,0,0,0.0,0.0,0.0,0.0,,0
CLS-03,2026Q2,3,22,4,3,0.18182,1.8027,0.13636,1.7045,LIBRARY_PREPARED,2
CLS-03,2026Q2,4,5,1,1,0.2,1.983,0.2,2.5,ANALYSIS_COMPLETE,1
CLS-04,2024Q1,2,10,0,2,0.0,0.0,0.2,2.5,,0
CLS-04,2024Q1,3,16,3,2,0.1875,1.8591,0.125,1.5625,ACCESSIONED,3
CLS-04,2024Q1,4,7,3,0,0.42857,4.2493,0.0,0.0,,0
CLS-04,2024Q2,1,11,0,1,0.0,0.0,0.09091,1.1364,,0
CLS-04,2024Q2,2,7,2,1,0.28571,2.8329,0.14286,1.7857,ANALYSIS_COMPLETE,2
CLS-04,2024Q2,3,5,0,1,0.0,0.0,0.2,2.5,,0
CLS-04,2024Q2,4,10,4,0,0.4,3.966,0.0,0.0,ANALYSIS_COMPLETE,3
CLS-04,2024Q3,1,22,2,2,0.09091,0.9014,0.09091,1.1364,SEQUENCING_STARTED,1
CLS-04,2024Q3,2,5,0,1,0.0,0.0,0.2,2.5,,0
CLS-04,2024Q3,3,2,0,0,0.0,0.0,0.0,0.0,,0
CLS-04,2024Q4,1,22,2,2,0.09091,0.9014,0.09091,1.1364,ANALYSIS_COMPLETE,2
CLS-04,2024Q4,2,18,1,0,0.05556,0.5508,0.0,0.0,SEQUENCING_STARTED,1
CLS-04,2024Q4,4,4,0,1,0.0,0.0,0.25,3.125,,0
CLS-04,2025Q1,2,5,0,1,0.0,0.0,0.2,2.5,,0
CLS-04,2025Q1,3,8,0,2,0.0,0.0,0.25,3.125,,0
CLS-04,2025Q1,4,19,6,1,0.31579,3.1311,0.05263,0.6579,ACCESSIONED,3
CLS-04,2025Q2,1,14,0,1,0.0,0.0,0.07143,0.8929,,0
CLS-04,2025Q2,2,4,1,0,0.25,2.4788,0.0,0.0,,0
CLS-04,2025Q2,3,6,1,0,0.16667,1.6525,0.0,0.0,,0
CLS-04,2025Q2,4,13,0,0,0.0,0.0,0.0,0.0,,0
CLS-04,2025Q3,1,18,1,1,0.05556,0.5508,0.05556,0.6944,ANALYSIS_COMPLETE,1
CLS-04,2025Q3,2,13,1,1,0.07692,0.7627,0.07692,0.9615,,0
CLS-04,2025Q3,3,3,0,0,0.0,0.0,0.0,0.0,,0
CLS-04,2025Q4,1,9,0,0,0.0,0.0,0.0,0.0,,0
CLS-04,2025Q4,2,2,0,0,0.0,0.0,0.0,0.0,,0
CLS-04,2025Q4,3,9,1,0,0.11111,1.1017,0.0,0.0,,0
CLS-04,2025Q4,4,6,1,1,0.16667,1.6525,0.16667,2.0833,,0
CLS-04,2026Q1,2,6,0,2,0.0,0.0,0.33333,4.1667,,0
CLS-04,2026Q1,3,4,0,0,0.0,0.0,0.0,0.0,,0
CLS-04,2026Q1,4,30,4,1,0.13333,1.322,0.03333,0.4167,LIBRARY_PREPARED,3
CLS-04,2026Q2,1,5,0,1,0.0,0.0,0.2,2.5,,0
CLS-04,2026Q2,2,7,0,2,0.0,0.0,0.28571,3.5714,,0
CLS-04,2026Q2,3,10,1,0,0.1,0.9915,0.0,0.0,,0
CLS-04,2026Q2,4,2,0,0,0.0,0.0,0.0,0.0,,0
CLS-05,2025Q1,3,23,5,0,0.21739,2.1554,0.0,0.0,,0
CLS-05,2025Q1,4,34,3,2,0.08824,0.8749,0.05882,0.7353,SEQUENCING_STARTED,1
CLS-05,2025Q2,1,23,0,2,0.0,0.0,0.08696,1.087,,0
CLS-05,2025Q2,2,20,0,3,0.0,0.0,0.15,1.875,,0
CLS-05,2025Q2,3,22,2,1,0.09091,0.9014,0.04545,0.5682,ANALYSIS_COMPLETE,2
CLS-05,2025Q2,4,60,8,8,0.13333,1.322,0.13333,1.6667,LIBRARY_PREPARED,6
CLS-05,2025Q3,1,10,1,1,0.1,0.9915,0.1,1.25,,0
CLS-05,2025Q3,2,12,1,2,0.08333,0.8263,0.16667,2.0833,,0
CLS-05,2025Q3,3,1,0,0,0.0,0.0,0.0,0.0,,0
CLS-05,2025Q4,1,16,0,1,0.0,0.0,0.0625,0.7812,,0
CLS-05,2025Q4,2,4,0,0,0.0,0.0,0.0,0.0,,0
CLS-05,2025Q4,3,7,3,1,0.42857,4.2493,0.14286,1.7857,LIBRARY_PREPARED,1
CLS-05,2025Q4,4,3,0,0,0.0,0.0,0.0,0.0,,0
CLS-05,2026Q1,2,5,0,0,0.0,0.0,0.0,0.0,,0
CLS-05,2026Q1,3,2,0,0,0.0,0.0,0.0,0.0,,0
CLS-05,2026Q1,4,22,2,1,0.09091,0.9014,0.04545,0.5682,,0
CLS-05,2026Q2,1,3,0,0,0.0,0.0,0.0,0.0,,0
CLS-05,2026Q2,2,4,1,0,0.25,2.4788,0.0,0.0,LIBRARY_PREPARED,1
CLS-05,2026Q2,3,14,3,1,0.21429,2.1246,0.07143,0.8929,LIBRARY_PREPARED,2
CLS-05,2026Q2,4,4,0,0,0.0,0.0,0.0,0.0,,0
CLS-06,2024Q1,2,4,0,0,0.0,0.0,0.0,0.0,,0
CLS-06,2024Q1,3,18,2,2,0.11111,1.1017,0.11111,1.3889,,0
CLS-06,2024Q1,4,19,1,2,0.05263,0.5218,0.10526,1.3158,ANALYSIS_COMPLETE,1
CLS-06,2024Q2,1,17,0,1,0.0,0.0,0.05882,0.7353,,0
CLS-06,2024Q2,2,11,0,1,0.0,0.0,0.09091,1.1364,,0
CLS-06,2024Q2,3,8,1,0,0.125,1.2394,0.0,0.0,ANALYSIS_COMPLETE,1
CLS-06,2024Q2,4,4,0,1,0.0,0.0,0.25,3.125,,0
CLS-06,2024Q3,1,35,2,2,0.05714,0.5666,0.05714,0.7143,LIBRARY_PREPARED,1
CLS-06,2024Q3,2,11,1,0,0.09091,0.9014,0.0,0.0,,0
CLS-06,2024Q3,3,6,1,0,0.16667,1.6525,0.0,0.0,,0
CLS-06,2024Q4,1,33,0,1,0.0,0.0,0.0303,0.3788,,0
CLS-06,2024Q4,2,17,3,0,0.17647,1.7497,0.0,0.0,,0
CLS-06,2024Q4,4,8,3,0,0.375,3.7181,0.0,0.0,,0
CLS-06,2025Q1,2,8,2,1,0.25,2.4788,0.125,1.5625,,0
CLS-06,2025Q1,3,23,3,3,0.13043,1.2933,0.13043,1.6304,REVIEWED,1
CLS-06,2025Q1,4,24,7,0,0.29167,2.8919,0.0,0.0,SEQUENCING_STARTED,4
CLS-06,2025Q2,1,8,0,2,0.0,0.0,0.25,3.125,,0
CLS-06,2025Q2,2,5,0,0,0.0,0.0,0.0,0.0,,0
CLS-06,2025Q2,3,10,0,1,0.0,0.0,0.1,1.25,,0
CLS-06,2025Q2,4,28,7,1,0.25,2.4788,0.03571,0.4464,ANALYSIS_COMPLETE,3
CLS-06,2025Q3,1,14,1,2,0.07143,0.7082,0.14286,1.7857,SEQUENCING_STARTED,1
CLS-06,2025Q3,2,12,0,1,0.0,0.0,0.08333,1.0417,,0
CLS-06,2025Q3,3,5,0,0,0.0,0.0,0.0,0.0,,0
CLS-06,2025Q4,1,19,2,2,0.10526,1.0437,0.10526,1.3158,LIBRARY_PREPARED,1
CLS-06,2025Q4,2,4,2,0,0.5,4.9575,0.0,0.0,ACCESSIONED,2
CLS-06,2025Q4,3,9,1,0,0.11111,1.1017,0.0,0.0,,0
CLS-06,2025Q4,4,8,0,3,0.0,0.0,0.375,4.6875,,0
CLS-06,2026Q1,2,6,0,1,0.0,0.0,0.16667,2.0833,,0
CLS-06,2026Q1,3,3,0,0,0.0,0.0,0.0,0.0,,0
CLS-06,2026Q1,4,32,5,2,0.15625,1.5492,0.0625,0.7812,LIBRARY_PREPARED,3
CLS-06,2026Q2,1,1,0,1,0.0,0.0,1.0,12.5,,0
CLS-06,2026Q2,2,5,0,0,0.0,0.0,0.0,0.0,,0
CLS-06,2026Q2,3,11,0,1,0.0,0.0,0.09091,1.1364,,0
CLS-06,2026Q2,4,6,0,0,0.0,0.0,0.0,0.0,,0
CLS-07,2024Q1,2,7,0,0,0.0,0.0,0.0,0.0,,0
CLS-07,2024Q1,3,15,1,1,0.06667,0.661,0.06667,0.8333,RELEASED,1
CLS-07,2024Q1,4,14,1,2,0.07143,0.7082,0.14286,1.7857,,0
CLS-07,2024Q2,1,17,0,2,0.0,0.0,0.11765,1.4706,,0
CLS-07,2024Q2,2,6,0,0,0.0,0.0,0.0,0.0,,0
CLS-07,2024Q2,3,5,0,2,0.0,0.0,0.4,5.0,,0
CLS-07,2024Q2,4,13,4,2,0.30769,3.0508,0.15385,1.9231,SEQUENCING_STARTED,3
CLS-07,2024Q3,1,30,0,4,0.0,0.0,0.13333,1.6667,,0
CLS-07,2024Q3,2,11,1,0,0.09091,0.9014,0.0,0.0,,0
CLS-07,2024Q3,3,3,0,0,0.0,0.0,0.0,0.0,,0
CLS-07,2024Q4,1,17,3,1,0.17647,1.7497,0.05882,0.7353,ANALYSIS_COMPLETE,2
CLS-07,2024Q4,2,11,0,0,0.0,0.0,0.0,0.0,,0
CLS-07,2024Q4,4,4,2,0,0.5,4.9575,0.0,0.0,,0
CLS-07,2025Q1,2,6,0,0,0.0,0.0,0.0,0.0,,0
CLS-07,2025Q1,3,15,3,1,0.2,1.983,0.06667,0.8333,SEQUENCING_STARTED,3
CLS-07,2025Q1,4,21,4,1,0.19048,1.8886,0.04762,0.5952,LIBRARY_PREPARED,4
CLS-07,2025Q2,1,11,1,1,0.09091,0.9014,0.09091,1.1364,,0
CLS-07,2025Q2,2,4,0,0,0.0,0.0,0.0,0.0,,0
CLS-07,2025Q2,3,12,1,1,0.08333,0.8263,0.08333,1.0417,ACCESSIONED,1
CLS-07,2025Q2,4,16,3,2,0.1875,1.8591,0.125,1.5625,RELEASED,3
CLS-07,2025Q3,1,13,1,1,0.07692,0.7627,0.07692,0.9615,,0
CLS-07,2025Q3,2,15,2,0,0.13333,1.322,0.0,0.0,LIBRARY_PREPARED,1
CLS-07,2025Q3,3,2,0,0,0.0,0.0,0.0,0.0,,0
CLS-07,2025Q4,1,15,2,0,0.13333,1.322,0.0,0.0,SEQUENCING_STARTED,1
CLS-07,2025Q4,2,9,0,1,0.0,0.0,0.11111,1.3889,,0
CLS-07,2025Q4,3,8,0,1,0.0,0.0,0.125,1.5625,,0
CLS-07,2025Q4,4,7,3,1,0.42857,4.2493,0.14286,1.7857,,0
CLS-07,2026Q1,2,4,1,0,0.25,2.4788,0.0,0.0,,0
CLS-07,2026Q1,3,3,0,1,0.0,0.0,0.33333,4.1667,,0
CLS-07,2026Q1,4,21,3,3,0.14286,1.4164,0.14286,1.7857,ACCESSIONED,3
CLS-07,2026Q2,1,7,0,2,0.0,0.0,0.28571,3.5714,,0
CLS-07,2026Q2,2,5,0,0,0.0,0.0,0.0,0.0,,0
CLS-07,2026Q2,3,7,0,2,0.0,0.0,0.28571,3.5714,,0
CLS-07,2026Q2,4,5,0,1,0.0,0.0,0.2,2.5,,0
CLS-08,2024Q1,2,1,0,0,0.0,0.0,0.0,0.0,,0
CLS-08,2024Q1,3,3,1,0,0.33333,3.305,0.0,0.0,,0
CLS-08,2024Q1,4,1,0,0,0.0,0.0,0.0,0.0,,0
CLS-08,2024Q2,1,1,0,0,0.0,0.0,0.0,0.0,,0
CLS-08,2024Q3,1,2,0,0,0.0,0.0,0.0,0.0,,0
CLS-08,2024Q4,1,1,0,0,0.0,0.0,0.0,0.0,,0
CLS-08,2024Q4,2,1,0,0,0.0,0.0,0.0,0.0,,0
CLS-08,2025Q1,2,1,0,0,0.0,0.0,0.0,0.0,,0
CLS-08,2025Q1,4,3,0,1,0.0,0.0,0.33333,4.1667,,0
CLS-08,2025Q2,1,1,0,0,0.0,0.0,0.0,0.0,,0
CLS-08,2025Q2,3,1,0,1,0.0,0.0,1.0,12.5,,0
CLS-08,2025Q2,4,1,1,0,1.0,9.915,0.0,0.0,,0
CLS-08,2025Q3,1,1,0,0,0.0,0.0,0.0,0.0,,0
CLS-08,2025Q3,2,1,0,0,0.0,0.0,0.0,0.0,,0
CLS-08,2026Q1,4,1,0,0,0.0,0.0,0.0,0.0,,0
CLS-08,2026Q2,2,1,0,0,0.0,0.0,0.0,0.0,,0
CLS-08,2026Q2,4,1,1,0,1.0,9.915,0.0,0.0,,0
