site_key,workflow_version,snapshot_at_utc,queue_size,staffing_category,equipment_class
SITE_A,WF_V1,2024-01-01T09:00:00Z,522,FULL,PRIMARY
SITE_A,WF_V1,2024-02-01T09:00:00Z,532,FULL,PRIMARY
SITE_A,WF_V1,2024-03-01T09:00:00Z,552,FULL,PRIMARY
SITE_A,WF_V1,2024-04-01T09:00:00Z,561,FULL,PRIMARY
SITE_A,WF_V1,2024-05-01T09:00:00Z,536,FULL,PRIMARY
SITE_A,WF_V1,2024-06-01T09:00:00Z,480,FULL,PRIMARY
SITE_A,WF_V1,2024-07-01T09:00:00Z,507,FULL,PRIMARY
SITE_A,WF_V1,2024-08-01T09:00:00Z,403,FULL,PRIMARY
SITE_A,WF_V1,2024-09-01T09:00:00Z,405,FULL,PRIMARY
SITE_A,WF_V2,2024-09-01T09:00:00Z,418,FULL,PRIMARY
SITE_A,WF_V2,2024-10-01T09:00:00Z,427,FULL,PRIMARY
SITE_A,WF_V2,2024-11-01T09:00:00Z,427,FULL,PRIMARY
SITE_A,WF_V2,2024-12-01T09:00:00Z,477,FULL,PRIMARY
SITE_A,WF_V2,2025-01-01T09:00:00Z,475,FULL,PRIMARY
SITE_A,WF_V2,2025-02-01T09:00:00Z,512,FULL,PRIMARY
SITE_A,WF_V2,2025-03-01T09:00:00Z,514,FULL,PRIMARY
SITE_A,WF_V2,2025-04-01T09:00:00Z,580,FULL,PRIMARY
SITE_A,WF_V2,2025-05-01T09:00:00Z,529,FULL,PRIMARY
SITE_A,WF_V2,2025-06-01T09:00:00Z,503,FULL,PRIMARY
SITE_A,WF_V3,2025-06-01T09:00:00Z,529,FULL,PRIMARY
SITE_A,WF_V3,2025-07-01T09:00:00Z,494,FULL,PRIMARY
SITE_A,WF_V3,2025-08-01T09:00:00Z,504,FULL,PRIMARY
SITE_A,WF_V3,2025-09-01T09:00:00Z,506,FULL,PRIMARY
SITE_A,WF_V3,2025-10-01T09:00:00Z,481,FULL,PRIMARY
SITE_A,WF_V3,2025-11-01T09:00:00Z,468,FULL,PRIMARY
SITE_A,WF_V3,2025-12-01T09:00:00Z,473,FULL,PRIMARY
SITE_A,WF_V3,2026-01-01T09:00:00Z,586,FULL,PRIMARY
SITE_A,WF_V3,2026-02-01T09:00:00Z,590,FULL,PRIMARY
SITE_A,WF_V3,2026-03-01T09:00:00Z,640,FULL,PRIMARY
SITE_A,WF_V3,2026-04-01T09:00:00Z,568,FULL,PRIMARY
SITE_A,WF_V3,2026-05-01T09:00:00Z,499,FULL,PRIMARY
SITE_A,WF_V3,2026-06-01T09:00:00Z,518,FULL,PRIMARY
SITE_B,WF_V1,2024-01-01T09:00:00Z,582,FULL,PRIMARY
SITE_B,WF_V1,2024-02-01T09:00:00Z,572,FULL,PRIMARY
SITE_B,WF_V1,2024-03-01T09:00:00Z,579,FULL,PRIMARY
SITE_B,WF_V1,2024-04-01T09:00:00Z,607,FULL,PRIMARY
SITE_B,WF_V1,2024-05-01T09:00:00Z,537,FULL,PRIMARY
SITE_B,WF_V1,2024-06-01T09:00:00Z,536,FULL,PRIMARY
SITE_B,WF_V1,2024-07-01T09:00:00Z,434,FULL,PRIMARY
SITE_B,WF_V1,2024-08-01T09:00:00Z,502,FULL,PRIMARY
SITE_B,WF_V1,2024-09-01T09:00:00Z,475,FULL,PRIMARY
SITE_B,WF_V2,2024-09-01T09:00:00Z,509,FULL,PRIMARY
SITE_B,WF_V2,2024-10-01T09:00:00Z,489,FULL,PRIMARY
SITE_B,WF_V2,2024-11-01T09:00:00Z,526,FULL,PRIMARY
SITE_B,WF_V2,2024-12-01T09:00:00Z,503,FULL,PRIMARY
SITE_B,WF_V2,2025-01-01T09:00:00Z,567,REDUCED,PRIMARY
SITE_B,WF_V2,2025-02-01T09:00:00Z,590,CRITICAL,PRIMARY
SITE_B,WF_V2,2025-03-01T09:00:00Z,647,REDUCED,FALLBACK
SITE_B,WF_V2,2025-04-01T09:00:00Z,589,FULL,PRIMARY
SITE_B,WF_V2,2025-05-01T09:00:00Z,532,FULL,PRIMARY
SITE_B,WF_V2,2025-06-01T09:00:00Z,522,FULL,PRIMARY
SITE_B,WF_V3,2025-06-01T09:00:00Z,541,FULL,PRIMARY
SITE_B,WF_V3,2025-07-01T09:00:00Z,561,FULL,PRIMARY
SITE_B,WF_V3,2025-08-01T09:00:00Z,539,FULL,PRIMARY
SITE_B,WF_V3,2025-09-01T09:00:00Z,501,FULL,PRIMARY
SITE_B,WF_V3,2025-10-01T09:00:00Z,565,FULL,PRIMARY
SITE_B,WF_V3,2025-11-01T09:00:00Z,532,FULL,PRIMARY
SITE_B,WF_V3,2025-12-01T09:00:00Z,598,FULL,PRIMARY
SITE_B,WF_V3,2026-01-01T09:00:00Z,636,FULL,PRIMARY
SITE_B,WF_V3,2026-02-01T09:00:00Z,650,FULL,PRIMARY
SITE_B,WF_V3,2026-03-01T09:00:00Z,668,FULL,PRIMARY
SITE_B,WF_V3,2026-04-01T09:00:00Z,667,FULL,PRIMARY
SITE_B,WF_V3,2026-05-01T09:00:00Z,625,FULL,PRIMARY
SITE_B,WF_V3,2026-06-01T09:00:00Z,567,FULL,PRIMARY
SITE_C,WF_V1,2024-01-01T09:00:00Z,318,FULL,PRIMARY
SITE_C,WF_V1,2024-02-01T09:00:00Z,327,FULL,PRIMARY
SITE_C,WF_V1,2024-03-01T09:00:00Z,277,FULL,PRIMARY
SITE_C,WF_V1,2024-04-01T09:00:00Z,267,FULL,PRIMARY
SITE_C,WF_V1,2024-05-01T09:00:00Z,253,FULL,PRIMARY
SITE_C,WF_V1,2024-06-01T09:00:00Z,272,FULL,PRIMARY
SITE_C,WF_V1,2024-07-01T09:00:00Z,306,FULL,PRIMARY
SITE_C,WF_V1,2024-08-01T09:00:00Z,315,FULL,PRIMARY
SITE_C,WF_V1,2024-09-01T09:00:00Z,306,FULL,PRIMARY
SITE_C,WF_V2,2024-09-01T09:00:00Z,305,FULL,PRIMARY
SITE_C,WF_V2,2024-10-01T09:00:00Z,313,FULL,PRIMARY
SITE_C,WF_V2,2024-11-01T09:00:00Z,355,FULL,PRIMARY
SITE_C,WF_V2,2024-12-01T09:00:00Z,319,FULL,PRIMARY
SITE_C,WF_V2,2025-01-01T09:00:00Z,333,FULL,PRIMARY
SITE_C,WF_V2,2025-02-01T09:00:00Z,316,FULL,PRIMARY
SITE_C,WF_V2,2025-03-01T09:00:00Z,316,FULL,PRIMARY
SITE_C,WF_V2,2025-04-01T09:00:00Z,305,FULL,PRIMARY
SITE_C,WF_V2,2025-05-01T09:00:00Z,296,FULL,PRIMARY
SITE_C,WF_V2,2025-06-01T09:00:00Z,278,FULL,PRIMARY
SITE_C,WF_V3,2025-06-01T09:00:00Z,296,FULL,PRIMARY
SITE_C,WF_V3,2025-07-01T09:00:00Z,299,FULL,PRIMARY
SITE_C,WF_V3,2025-08-01T09:00:00Z,290,FULL,PRIMARY
SITE_C,WF_V3,2025-09-01T09:00:00Z,346,FULL,PRIMARY
SITE_C,WF_V3,2025-10-01T09:00:00Z,347,FULL,PRIMARY
SITE_C,WF_V3,2025-11-01T09:00:00Z,374,REDUCED,FALLBACK
SITE_C,WF_V3,2025-12-01T09:00:00Z,379,FULL,PRIMARY
SITE_C,WF_V3,2026-01-01T09:00:00Z,365,FULL,PRIMARY
SITE_C,WF_V3,2026-02-01T09:00:00Z,336,FULL,PRIMARY
SITE_C,WF_V3,2026-03-01T09:00:00Z,337,FULL,PRIMARY
SITE_C,WF_V3,2026-04-01T09:00:00Z,360,FULL,PRIMARY
SITE_C,WF_V3,2026-05-01T09:00:00Z,284,FULL,PRIMARY
SITE_C,WF_V3,2026-06-01T09:00:00Z,279,FULL,PRIMARY
