case_key,event_type,basis,event_id,rule_version,adjudicated_at,adjudicated_by
CASE_00000005,DELAY,"stages LIBRARY_PREPARED,SEQUENCING_STARTED; joint deviation",QE-000001,RR-2025-07-28A,2026-06-04T21:17:34Z,QA_01
CASE_00000006,DELAY,"stages ANALYSIS_COMPLETE,LIBRARY_PREPARED; joint deviation",QE-000002,RR-2025-07-28A,2024-11-13T20:36:15Z,QA_02
CASE_00000010,REWORK,stage SEQUENCING_STARTED; repeated events (2),QE-000003,RR-2025-07-28A,2025-11-27T18:19:50Z,QA_02
CASE_00000013,REWORK,stage ACCESSIONED; repeated events (2),QE-000004,RR-2025-07-28A,2025-11-01T10:17:32Z,QA_01
CASE_00000024,REWORK,stage SAMPLE_RECEIVED; repeated events (2),QE-000005,RR-2025-07-28A,2025-01-24T07:58:12Z,QA_04
CASE_00000026,REWORK,stage ANALYSIS_COMPLETE; repeated events (2),QE-000006,RR-2025-07-28A,2025-08-21T23:37:37Z,QA_02
CASE_00000028,DELAY,"stages ANALYSIS_COMPLETE,LIBRARY_PREPARED; joint deviation",QE-000007,RR-2025-07-28A,2024-12-01T18:56:49Z,QA_04
CASE_00000031,DELAY,stage ACCESSIONED; manual case review of queue log; timestamps diffuse,QE-000008,RR-2025-07-28A,2025-11-27T09:26:36Z,QA_03
CASE_00000036,DELAY,stage RELEASED; manual case review of queue log; timestamps diffuse,QE-000009,RR-2025-07-28A,2025-06-07T02:09:13Z,QA_04
CASE_00000040,REWORK,stage SEQUENCING_STARTED; repeated events (2),QE-000010,RR-2025-07-28A,2024-04-10T17:39:41Z,QA_04
CASE_00000041,DELAY,"stages ANALYSIS_COMPLETE,LIBRARY_PREPARED; joint deviation",QE-000011,RR-2025-07-28A,2025-05-12T16:26:10Z,QA_01
CASE_00000048,DELAY,stage LIBRARY_PREPARED; manual case review of queue log; timestamps diffuse,QE-000012,RR-2025-07-28A,2024-12-31T07:07:03Z,QA_04
CASE_00000050,REWORK,stage ANALYSIS_COMPLETE; repeated events (2),QE-000013,RR-2025-07-28A,2025-03-27T07:25:14Z,QA_02
CASE_00000051,REWORK,stage RELEASED; repeated events (2),QE-000014,RR-2025-07-28A,2026-01-19T11:04:41Z,QA_03
CASE_00000052,REWORK,stage SAMPLE_RECEIVED; repeated events (2),QE-000015,RR-2025-07-28A,2026-03-02T01:18:47Z,QA_04
CASE_00000057,REWORK,stage REVIEWED; repeated events (2),QE-000016,RR-2025-07-28A,2026-01-09T08:44:09Z,QA_01
CASE_00000063,DELAY,stage REVIEWED; manual case review of queue log; timestamps diffuse,QE-000017,RR-2025-07-28A,2025-06-22T07:47:14Z,QA_03
CASE_00000066,REWORK,stage ACCESSIONED; repeated events (2),QE-000018,RR-2025-07-28A,2024-05-12T04:28:47Z,QA_02
CASE_00000067,REWORK,stage LIBRARY_PREPARED; repeated events (2),QE-000019,RR-2025-07-28A,2024-03-10T08:32:29Z,QA_03
CASE_00000069,REWORK,stage ACCESSIONED; repeated events (2),QE-000020,RR-2025-07-28A,2025-05-14T13:14:27Z,QA_01
CASE_00000079,DELAY,"stages ANALYSIS_COMPLETE,LIBRARY_PREPARED; joint deviation",QE-000021,RR-2025-07-28A,2026-01-27T23:02:17Z,QA_03
CASE_00000081,REWORK,stage REVIEWED; repeated events (2),QE-000022,RR-2025-07-28A,2025-06-20T06:42:59Z,QA_01
CASE_00000108,DELAY,stage LIBRARY_PREPARED; duration 5.1x class median,QE-000023,RR-2025-07-28A,2025-12-23T08:00:42Z,QA_04
CASE_00000112,DELAY,stage SEQUENCING_STARTED; duration 4.6x class median,QE-000024,RR-2025-07-28A,2024-09-09T04:30:55Z,QA_04
CASE_00000113,DELAY,stage ANALYSIS_COMPLETE; duration 5.3x class median,QE-000025,RR-2025-07-28A,2025-05-14T16:00:54Z,QA_01
CASE_00000124,DELAY,stage LIBRARY_PREPARED; duration 4.9x class median,QE-000026,RR-2025-07-28A,2025-09-01T08:56:48Z,QA_04
CASE_00000127,REWORK,stage ANALYSIS_COMPLETE; repeated events (2),QE-000027,RR-2025-07-28A,2025-02-12T12:50:36Z,QA_03
CASE_00000128,REWORK,stage ANALYSIS_COMPLETE; repeated events (2),QE-000028,RR-2025-07-28A,2025-12-25T10:55:59Z,QA_04
CASE_00000131,REWORK,stage ANALYSIS_COMPLETE; repeated events (2),QE-000029,RR-2025-07-28A,2025-01-13T06:52:04Z,QA_03
CASE_00000136,DELAY,stage LIBRARY_PREPARED; duration 5.0x class median,QE-000030,RR-2025-07-28A,2025-03-18T12:38:26Z,QA_04
CASE_00000140,DELAY,stage LIBRARY_PREPARED; duration 4.6x class median,QE-000031,RR-2025-07-28A,2024-09-14T16:24:46Z,QA_04
CASE_00000141,REWORK,stage ACCESSIONED; repeated events (2),QE-000032,RR-2025-07-28A,2025-01-24T07:24:49Z,QA_01
CASE_00000143,REWORK,stage ACCESSIONED; repeated events (2),QE-000033,RR-2025-07-28A,2026-03-16T13:08:45Z,QA_03
CASE_00000145,REWORK,stage ACCESSIONED; repeated events (2),QE-000034,RR-2025-07-28A,2024-10-16T04:46:33Z,QA_01
CASE_00000147,DELAY,stage ACCESSIONED; manual case review of queue log; timestamps diffuse,QE-000035,RR-2025-07-28A,2025-04-10T01:59:55Z,QA_03
CASE_00000148,DELAY,stage REVIEWED; manual case review of queue log; timestamps diffuse,QE-000036,RR-2025-07-28A,2025-08-02T08:11:37Z,QA_04
CASE_00000152,DELAY,stage SEQUENCING_STARTED; duration 4.8x class median,QE-000037,RR-2025-07-28A,2025-11-06T05:54:27Z,QA_04
CASE_00000157,REWORK,stage SAMPLE_RECEIVED; repeated events (2),QE-000038,RR-2025-07-28A,2024-03-29T12:58:46Z,QA_01
CASE_00000168,REWORK,stage SAMPLE_RECEIVED; repeated events (2),QE-000039,RR-2025-07-28A,2025-06-01T05:54:05Z,QA_04
CASE_00000169,DELAY,"stages ANALYSIS_COMPLETE,SEQUENCING_STARTED; joint deviation",QE-000040,RR-2025-07-28A,2025-05-30T01:34:11Z,QA_01
CASE_00000170,REWORK,stage ACCESSIONED; repeated events (2),QE-000041,RR-2025-07-28A,2024-11-16T13:25:24Z,QA_02
CASE_00000185,REWORK,stage SEQUENCING_STARTED; repeated events (2),QE-000042,RR-2025-07-28A,2024-11-19T11:27:55Z,QA_01
CASE_00000189,DELAY,stage RELEASED; manual case review of queue log; timestamps diffuse,QE-000043,RR-2025-07-28A,2024-05-09T06:50:40Z,QA_01
CASE_00000191,DELAY,"stages ANALYSIS_COMPLETE,LIBRARY_PREPARED; joint deviation",QE-000044,RR-2025-07-28A,2025-05-30T06:43:08Z,QA_03
CASE_00000196,DELAY,stage SEQUENCING_STARTED; manual case review of queue log; timestamps diffuse,QE-000045,RR-2025-07-28A,2026-04-08T21:16:43Z,QA_04
CASE_00000197,DELAY,stage RELEASED; manual case review of queue log; timestamps diffuse,QE-000046,RR-2025-07-28A,2024-06-14T22:32:48Z,QA_01
CASE_00000218,DELAY,stage REVIEWED; manual case review of queue log; timestamps diffuse,QE-000047,RR-2025-07-28A,2025-09-03T07:19:20Z,QA_02
CASE_00000223,REWORK,stage RELEASED; repeated events (2),QE-000048,RR-2025-07-28A,2025-06-08T13:59:29Z,QA_03
CASE_00000232,DELAY,stage RELEASED; manual case review of queue log; timestamps diffuse,QE-000049,RR-2025-07-28A,2026-05-03T04:57:51Z,QA_04
CASE_00000235,DELAY,stage SAMPLE_RECEIVED; manual case review of queue log; timestamps diffuse,QE-000050,RR-2025-07-28A,2024-02-10T15:26:42Z,QA_03
CASE_00000236,REWORK,stage REVIEWED; repeated events (2),QE-000051,RR-2025-07-28A,2025-07-03T05:48:21Z,QA_04
CASE_00000238,DELAY,stage SEQUENCING_STARTED; duration 5.1x class median,QE-000052,RR-2025-07-28A,2025-04-25T07:59:25Z,QA_02
CASE_00000241,REWORK,stage SAMPLE_RECEIVED; repeated events (2),QE-000053,RR-2025-07-28A,2024-10-04T08:29:13Z,QA_01
CASE_00000244,DELAY,stage LIBRARY_PREPARED; duration 5.0x class median,QE-000054,RR-2025-07-28A,2026-03-06T20:17:43Z,QA_04
CASE_00000252,REWORK,stage ACCESSIONED; repeated events (2),QE-000055,RR-2025-07-28A,2025-12-01T17:02:16Z,QA_04
CASE_00000254,DELAY,stage RELEASED; manual case review of queue log; timestamps diffuse,QE-000056,RR-2025-07-28A,2024-11-03T07:05:43Z,QA_02
CASE_00000259,REWORK,stage ACCESSIONED; repeated events (2),QE-000057,RR-2025-07-28A,2024-07-03T21:00:25Z,QA_03
CASE_00000262,REWORK,stage SAMPLE_RECEIVED; repeated events (2),QE-000058,RR-2025-07-28A,2025-09-13T05:43:04Z,QA_02
CASE_00000265,DELAY,"stages ANALYSIS_COMPLETE,LIBRARY_PREPARED; joint deviation",QE-000059,RR-2025-07-28A,2024-06-08T03:57:27Z,QA_01
CASE_00000271,REWORK,stage REVIEWED; repeated events (2),QE-000060,RR-2025-07-28A,2024-09-22T02:54:12Z,QA_03
CASE_00000273,REWORK,stage REVIEWED; repeated events (2),QE-000061,RR-2025-07-28A,2025-04-03T08:34:48Z,QA_01
CASE_00000275,DELAY,stage RELEASED; manual case review of queue log; timestamps diffuse,QE-000062,RR-2025-07-28A,2026-04-06T10:34:15Z,QA_03
CASE_00000281,DELAY,stage SEQUENCING_STARTED; manual case review of queue log; timestamps diffuse,QE-000063,RR-2025-07-28A,2025-02-17T02:41:48Z,QA_01
CASE_00000300,DELAY,stage SAMPLE_RECEIVED; manual case review of queue log; timestamps diffuse,QE-000064,RR-2025-07-28A,2025-05-18T04:21:04Z,QA_04
CASE_00000307,DELAY,stage REVIEWED; manual case review of queue log; timestamps diffuse,QE-000065,RR-2025-07-28A,2024-06-16T04:26:05Z,QA_03
CASE_00000313,DELAY,stage SEQUENCING_STARTED; manual case review of queue log; timestamps diffuse,QE-000066,RR-2025-07-28A,2025-12-07T15:25:09Z,QA_01
CASE_00000320,DELAY,"stages ANALYSIS_COMPLETE,SEQUENCING_STARTED; joint deviation",QE-000067,RR-2025-07-28A,2025-07-13T06:50:52Z,QA_04
CASE_00000336,DELAY,stage SEQUENCING_STARTED; duration 5.3x class median,QE-000068,RR-2025-07-28A,2024-10-31T18:50:54Z,QA_04
CASE_00000339,DELAY,"stages ANALYSIS_COMPLETE,LIBRARY_PREPARED; joint deviation",QE-000069,RR-2025-07-28A,2026-01-03T16:54:39Z,QA_03
CASE_00000343,REWORK,stage SAMPLE_RECEIVED; repeated events (2),QE-000070,RR-2025-07-28A,2026-06-02T04:45:00Z,QA_03
CASE_00000350,DELAY,stage REVIEWED; manual case review of queue log; timestamps diffuse,QE-000071,RR-2025-07-28A,2025-07-27T21:11:11Z,QA_02
CASE_00000355,REWORK,stage LIBRARY_PREPARED; repeated events (2),QE-000072,RR-2025-07-28A,2024-12-05T04:35:04Z,QA_03
CASE_00000358,DELAY,stage LIBRARY_PREPARED; duration 5.3x class median,QE-000073,RR-2025-07-28A,2024-12-01T19:55:58Z,QA_02
CASE_00000364,REWORK,stage ANALYSIS_COMPLETE; repeated events (2),QE-000074,RR-2025-07-28A,2026-05-28T16:38:50Z,QA_04
CASE_00000366,REWORK,stage LIBRARY_PREPARED; repeated events (2),QE-000075,RR-2025-07-28A,2024-11-20T21:27:14Z,QA_02
CASE_00000368,REWORK,stage ANALYSIS_COMPLETE; repeated events (2),QE-000076,RR-2025-07-28A,2025-03-05T08:30:09Z,QA_04
CASE_00000370,REWORK,stage SEQUENCING_STARTED; repeated events (2),QE-000077,RR-2025-07-28A,2025-06-01T12:04:31Z,QA_02
CASE_00000380,DELAY,stage LIBRARY_PREPARED; duration 5.3x class median,QE-000078,RR-2025-07-28A,2025-04-29T08:45:06Z,QA_04
CASE_00000389,REWORK,stage REVIEWED; repeated events (2),QE-000079,RR-2025-07-28A,2024-05-31T22:07:03Z,QA_01
CASE_00000391,REWORK,stage LIBRARY_PREPARED; repeated events (2),QE-000080,RR-2025-07-28A,2024-09-24T21:15:22Z,QA_03
CASE_00000392,DELAY,stage SEQUENCING_STARTED; manual case review of queue log; timestamps diffuse,QE-000081,RR-2025-07-28A,2026-04-20T07:48:41Z,QA_04
CASE_00000393,DELAY,stage REVIEWED; manual case review of queue log; timestamps diffuse,QE-000082,RR-2025-07-28A,2026-05-08T19:25:21Z,QA_01
CASE_00000394,REWORK,stage REVIEWED; repeated events (2),QE-000083,RR-2025-07-28A,2024-06-07T13:05:00Z,QA_02
CASE_00000397,REWORK,stage REVIEWED; repeated events (2),QE-000084,RR-2025-07-28A,2024-06-14T22:37:46Z,QA_01
CASE_00000405,REWORK,stage SEQUENCING_STARTED; repeated events (2),QE-000085,RR-2025-07-28A,2024-05-31T14:57:10Z,QA_01
CASE_00000412,DELAY,stage ACCESSIONED; manual case review of queue log; timestamps diffuse,QE-000086,RR-2025-07-28A,2025-04-12T03:43:47Z,QA_04
CASE_00000417,REWORK,stage SEQUENCING_STARTED; repeated events (2),QE-000087,RR-2025-07-28A,2025-09-03T16:11:19Z,QA_01
CASE_00000418,REWORK,stage ACCESSIONED; repeated events (2),QE-000088,RR-2025-07-28A,2024-08-11T05:30:39Z,QA_02
CASE_00000423,DELAY,stage LIBRARY_PREPARED; manual case review of queue log; timestamps diffuse,QE-000089,RR-2025-07-28A,2024-04-13T19:09:57Z,QA_03
CASE_00000425,REWORK,stage SAMPLE_RECEIVED; repeated events (2),QE-000090,RR-2025-07-28A,2025-05-26T21:49:13Z,QA_01
CASE_00000427,REWORK,stage ACCESSIONED; repeated events (2),QE-000091,RR-2025-07-28A,2025-06-04T20:30:31Z,QA_03
CASE_00000429,REWORK,stage REVIEWED; repeated events (2),QE-000092,RR-2025-07-28A,2025-08-29T02:07:33Z,QA_01
CASE_00000435,REWORK,stage ANALYSIS_COMPLETE; repeated events (2),QE-000093,RR-2025-07-28A,2025-02-08T17:24:55Z,QA_03
CASE_00000436,REWORK,stage REVIEWED; repeated events (2),QE-000094,RR-2025-07-28A,2024-04-30T05:47:02Z,QA_04
CASE_00000451,DELAY,stage SEQUENCING_STARTED; duration 5.1x class median,QE-000095,RR-2025-07-28A,2025-07-01T19:36:58Z,QA_03
CASE_00000453,REWORK,stage ACCESSIONED; repeated events (2),QE-000096,RR-2025-07-28A,2026-02-26T19:43:27Z,QA_01
CASE_00000461,DELAY,stage LIBRARY_PREPARED; duration 5.2x class median,QE-000097,RR-2025-07-28A,2024-06-06T11:53:05Z,QA_01
CASE_00000466,DELAY,stage RELEASED; manual case review of queue log; timestamps diffuse,QE-000098,RR-2025-07-28A,2026-03-28T21:09:02Z,QA_02
CASE_00000476,DELAY,stage LIBRARY_PREPARED; manual case review of queue log; timestamps diffuse,QE-000099,RR-2025-07-28A,2026-01-24T21:18:47Z,QA_04
CASE_00000480,REWORK,stage SAMPLE_RECEIVED; repeated events (2),QE-000100,RR-2025-07-28A,2025-01-28T13:19:16Z,QA_04
CASE_00000483,DELAY,stage RELEASED; manual case review of queue log; timestamps diffuse,QE-000101,RR-2025-07-28A,2024-04-17T19:32:56Z,QA_03
CASE_00000487,DELAY,stage ACCESSIONED; manual case review of queue log; timestamps diffuse,QE-000102,RR-2025-07-28A,2026-06-27T10:37:13Z,QA_03
CASE_00000495,DELAY,stage SEQUENCING_STARTED; manual case review of queue log; timestamps diffuse,QE-000103,RR-2025-07-28A,2024-11-15T17:01:14Z,QA_03
CASE_00000498,DELAY,"stages ANALYSIS_COMPLETE,LIBRARY_PREPARED; joint deviation",QE-000104,RR-2025-07-28A,2025-06-01T18:44:11Z,QA_02
CASE_00000502,REWORK,stage SAMPLE_RECEIVED; repeated events (2),QE-000105,RR-2025-07-28A,2025-05-26T22:01:36Z,QA_02
CASE_00000503,DELAY,"stages ANALYSIS_COMPLETE,SEQUENCING_STARTED; joint deviation",QE-000106,RR-2025-07-28A,2024-05-23T06:44:10Z,QA_03
CASE_00000510,DELAY,stage LIBRARY_PREPARED; duration 5.1x class median,QE-000107,RR-2025-07-28A,2026-01-08T07:18:19Z,QA_02
CASE_00000516,REWORK,stage ACCESSIONED; repeated events (2),QE-000108,RR-2025-07-28A,2026-05-09T04:54:15Z,QA_04
CASE_00000527,DELAY,stage LIBRARY_PREPARED; duration 5.3x class median,QE-000109,RR-2025-07-28A,2026-05-06T07:17:48Z,QA_03
CASE_00000528,DELAY,stage SEQUENCING_STARTED; duration 4.9x class median,QE-000110,RR-2025-07-28A,2024-04-17T07:36:56Z,QA_04
CASE_00000535,REWORK,stage ANALYSIS_COMPLETE; repeated events (2),QE-000111,RR-2025-07-28A,2024-07-12T16:45:23Z,QA_03
CASE_00000541,DELAY,"stages ANALYSIS_COMPLETE,LIBRARY_PREPARED; joint deviation",QE-000112,RR-2025-07-28A,2024-03-26T06:37:53Z,QA_01
CASE_00000542,DELAY,stage LIBRARY_PREPARED; duration 5.4x class median,QE-000113,RR-2025-07-28A,2026-02-20T01:04:04Z,QA_02
CASE_00000544,DELAY,stage ANALYSIS_COMPLETE; duration 5.1x class median,QE-000114,RR-2025-07-28A,2026-02-07T08:04:46Z,QA_04
CASE_00000546,DELAY,"stages ANALYSIS_COMPLETE,SEQUENCING_STARTED; joint deviation",QE-000115,RR-2025-07-28A,2025-07-27T23:04:26Z,QA_02
CASE_00000552,REWORK,stage ACCESSIONED; repeated events (2),QE-000116,RR-2025-07-28A,2024-04-03T08:08:49Z,QA_04
CASE_00000561,DELAY,stage ANALYSIS_COMPLETE; duration 4.7x class median,QE-000117,RR-2025-07-28A,2025-05-20T23:03:24Z,QA_01
CASE_00000564,REWORK,stage RELEASED; repeated events (2),QE-000118,RR-2025-07-28A,2024-08-24T05:18:22Z,QA_04
CASE_00000566,REWORK,stage ANALYSIS_COMPLETE; repeated events (2),QE-000119,RR-2025-07-28A,2025-04-09T14:35:16Z,QA_02
CASE_00000570,REWORK,stage SAMPLE_RECEIVED; repeated events (2),QE-000120,RR-2025-07-28A,2025-06-30T13:22:22Z,QA_02
CASE_00000575,DELAY,stage ANALYSIS_COMPLETE; manual case review of queue log; timestamps diffuse,QE-000121,RR-2025-07-28A,2026-01-04T22:06:18Z,QA_03
CASE_00000578,DELAY,stage ACCESSIONED; manual case review of queue log; timestamps diffuse,QE-000122,RR-2025-07-28A,2025-08-12T22:00:09Z,QA_02
CASE_00000600,DELAY,stage ANALYSIS_COMPLETE; manual case review of queue log; timestamps diffuse,QE-000123,RR-2025-07-28A,2025-01-01T14:31:27Z,QA_04
CASE_00000603,DELAY,stage ANALYSIS_COMPLETE; manual case review of queue log; timestamps diffuse,QE-000124,RR-2025-07-28A,2025-04-14T10:43:34Z,QA_03
CASE_00000612,REWORK,stage LIBRARY_PREPARED; repeated events (2),QE-000125,RR-2025-07-28A,2025-09-28T00:08:54Z,QA_04
CASE_00000614,DELAY,stage ANALYSIS_COMPLETE; duration 4.9x class median,QE-000126,RR-2025-07-28A,2025-08-16T14:08:15Z,QA_02
CASE_00000616,DELAY,stage ANALYSIS_COMPLETE; manual case review of queue log; timestamps diffuse,QE-000127,RR-2025-07-28A,2025-01-31T00:55:47Z,QA_04
CASE_00000617,DELAY,stage ANALYSIS_COMPLETE; manual case review of queue log; timestamps diffuse,QE-000128,RR-2025-07-28A,2024-09-06T08:45:01Z,QA_01
CASE_00000626,DELAY,stage ANALYSIS_COMPLETE; duration 5.5x class median,QE-000129,RR-2025-07-28A,2024-12-06T07:51:18Z,QA_02
CASE_00000629,DELAY,"stages ANALYSIS_COMPLETE,LIBRARY_PREPARED; joint deviation",QE-000130,RR-2025-07-28A,2024-06-10T15:21:04Z,QA_01
CASE_00000633,REWORK,stage SAMPLE_RECEIVED; repeated events (2),QE-000131,RR-2025-07-28A,2025-05-20T13:40:19Z,QA_01
CASE_00000637,DELAY,stage SEQUENCING_STARTED; duration 5.3x class median,QE-000132,RR-2025-07-28A,2025-10-21T09:31:27Z,QA_01
CASE_00000646,DELAY,stage LIBRARY_PREPARED; duration 5.3x class median,QE-000133,RR-2025-07-28A,2026-05-11T04:40:50Z,QA_02
CASE_00000656,REWORK,stage RELEASED; repeated events (2),QE-000134,RR-2025-07-28A,2024-10-26T19:05:02Z,QA_04
CASE_00000661,DELAY,stage REVIEWED; manual case review of queue log; timestamps diffuse,QE-000135,RR-2025-07-28A,2025-07-03T08:21:55Z,QA_01
CASE_00000665,DELAY,stage LIBRARY_PREPARED; duration 5.4x class median,QE-000136,RR-2025-07-28A,2025-05-16T02:27:48Z,QA_01
CASE_00000671,DELAY,stage SEQUENCING_STARTED; duration 4.8x class median,QE-000137,RR-2025-07-28A,2025-04-04T09:08:33Z,QA_03
CASE_00000675,DELAY,stage LIBRARY_PREPARED; manual case review of queue log; timestamps diffuse,QE-000138,RR-2025-07-28A,2025-05-14T20:39:38Z,QA_03
CASE_00000682,DELAY,stage LIBRARY_PREPARED; duration 5.2x class median,QE-000139,RR-2025-07-28A,2024-03-16T09:35:07Z,QA_02
CASE_00000685,DELAY,"stages ANALYSIS_COMPLETE,SEQUENCING_STARTED; joint deviation",QE-000140,RR-2025-07-28A,2025-04-01T02:53:57Z,QA_01
CASE_00000687,DELAY,stage SEQUENCING_STARTED; manual case review of queue log; timestamps diffuse,QE-000141,RR-2025-07-28A,2026-04-10T19:59:07Z,QA_03
CASE_00000689,DELAY,"stages ANALYSIS_COMPLETE,LIBRARY_PREPARED; joint deviation",QE-000142,RR-2025-07-28A,2024-12-29T18:38:37Z,QA_01
CASE_00000698,DELAY,"stages ANALYSIS_COMPLETE,SEQUENCING_STARTED; joint deviation",QE-000143,RR-2025-07-28A,2025-09-26T22:56:16Z,QA_02
CASE_00000700,REWORK,stage SEQUENCING_STARTED; repeated events (2),QE-000144,RR-2025-07-28A,2024-05-30T02:39:06Z,QA_04
CASE_00000705,DELAY,"stages ANALYSIS_COMPLETE,LIBRARY_PREPARED; joint deviation",QE-000145,RR-2025-07-28A,2024-05-14T07:40:39Z,QA_01
CASE_00000709,REWORK,stage LIBRARY_PREPARED; repeated events (2),QE-000146,RR-2025-07-28A,2025-06-26T11:21:01Z,QA_01
CASE_00000715,DELAY,stage LIBRARY_PREPARED; duration 5.5x class median,QE-000147,RR-2025-07-28A,2025-01-11T02:58:35Z,QA_03
CASE_00000719,DELAY,stage ANALYSIS_COMPLETE; manual case review of queue log; timestamps diffuse,QE-000148,RR-2025-07-28A,2024-09-10T08:51:00Z,QA_03
CASE_00000721,DELAY,"stages ANALYSIS_COMPLETE,LIBRARY_PREPARED; joint deviation",QE-000149,RR-2025-07-28A,2026-02-08T12:19:26Z,QA_01
CASE_00000732,REWORK,stage ACCESSIONED; repeated events (2),QE-000150,RR-2025-07-28A,2024-12-24T17:27:29Z,QA_04
CASE_00000736,DELAY,stage ANALYSIS_COMPLETE; duration 5.3x class median,QE-000151,RR-2025-07-28A,2025-04-14T12:57:39Z,QA_04
CASE_00000750,DELAY,stage LIBRARY_PREPARED; manual case review of queue log; timestamps diffuse,QE-000152,RR-2025-07-28A,2024-05-08T10:17:04Z,QA_02
CASE_00000766,DELAY,stage SAMPLE_RECEIVED; manual case review of queue log; timestamps diffuse,QE-000153,RR-2025-07-28A,2024-02-23T05:53:27Z,QA_02
CASE_00000768,DELAY,stage ANALYSIS_COMPLETE; manual case review of queue log; timestamps diffuse,QE-000154,RR-2025-07-28A,2025-03-30T02:59:35Z,QA_04
CASE_00000769,DELAY,stage REVIEWED; manual case review of queue log; timestamps diffuse,QE-000155,RR-2025-07-28A,2025-05-13T10:20:35Z,QA_01
CASE_00000773,DELAY,stage ACCESSIONED; manual case review of queue log; timestamps diffuse,QE-000156,RR-2025-07-28A,2025-02-15T08:53:08Z,QA_01
CASE_00000774,DELAY,"stages ANALYSIS_COMPLETE,LIBRARY_PREPARED; joint deviation",QE-000157,RR-2025-07-28A,2025-02-17T12:54:25Z,QA_02
CASE_00000779,REWORK,stage LIBRARY_PREPARED; repeated events (2),QE-000158,RR-2025-07-28A,2025-11-08T20:43:04Z,QA_03
CASE_00000791,DELAY,stage ANALYSIS_COMPLETE; duration 5.4x class median,QE-000159,RR-2025-07-28A,2025-06-14T20:45:09Z,QA_03
CASE_00000794,DELAY,"stages ANALYSIS_COMPLETE,SEQUENCING_STARTED; joint deviation",QE-000160,RR-2025-07-28A,2025-02-23T21:51:19Z,QA_02
CASE_00000801,DELAY,stage ANALYSIS_COMPLETE; duration 4.8x class median,QE-000161,RR-2025-07-28A,2025-08-31T23:30:26Z,QA_01
CASE_00000802,REWORK,stage ANALYSIS_COMPLETE; repeated events (2),QE-000162,RR-2025-07-28A,2025-07-24T17:21:32Z,QA_02
CASE_00000808,REWORK,stage SAMPLE_RECEIVED; repeated events (2),QE-000163,RR-2025-07-28A,2025-06-25T14:29:59Z,QA_04
CASE_00000809,DELAY,stage ANALYSIS_COMPLETE; duration 5.0x class median,QE-000164,RR-2025-07-28A,2024-12-07T01:12:26Z,QA_01
CASE_00000811,REWORK,stage ACCESSIONED; repeated events (2),QE-000165,RR-2025-07-28A,2026-05-16T12:20:01Z,QA_03
CASE_00000816,DELAY,stage SAMPLE_RECEIVED; manual case review of queue log; timestamps diffuse,QE-000166,RR-2025-07-28A,2024-02-07T09:07:00Z,QA_04
CASE_00000819,DELAY,stage ANALYSIS_COMPLETE; duration 4.7x class median,QE-000167,RR-2025-07-28A,2025-12-09T14:17:25Z,QA_03
CASE_00000822,DELAY,"stages ANALYSIS_COMPLETE,LIBRARY_PREPARED; joint deviation",QE-000168,RR-2025-07-28A,2026-04-26T17:30:03Z,QA_02
CASE_00000823,REWORK,stage SAMPLE_RECEIVED; repeated events (2),QE-000169,RR-2025-07-28A,2024-02-20T07:11:59Z,QA_03
CASE_00000827,REWORK,stage SEQUENCING_STARTED; repeated events (2),QE-000170,RR-2025-07-28A,2024-04-06T20:36:37Z,QA_03
CASE_00000831,REWORK,stage LIBRARY_PREPARED; repeated events (2),QE-000171,RR-2025-07-28A,2024-05-15T21:15:14Z,QA_03
CASE_00000834,DELAY,stage SEQUENCING_STARTED; duration 5.4x class median,QE-000172,RR-2025-07-28A,2026-02-15T14:05:16Z,QA_02
CASE_00000836,DELAY,"stages LIBRARY_PREPARED,SEQUENCING_STARTED; joint deviation",QE-000173,RR-2025-07-28A,2024-10-13T16:14:58Z,QA_04
CASE_00000852,DELAY,"stages ANALYSIS_COMPLETE,LIBRARY_PREPARED; joint deviation",QE-000174,RR-2025-07-28A,2025-05-01T07:41:04Z,QA_04
CASE_00000866,DELAY,"stages ANALYSIS_COMPLETE,LIBRARY_PREPARED; joint deviation",QE-000175,RR-2025-07-28A,2025-04-04T19:08:12Z,QA_02
CASE_00000868,DELAY,stage REVIEWED; manual case review of queue log; timestamps diffuse,QE-000176,RR-2025-07-28A,2025-04-27T05:27:17Z,QA_04
CASE_00000872,DELAY,stage SEQUENCING_STARTED; duration 4.8x class median,QE-000177,RR-2025-07-28A,2024-10-04T08:30:58Z,QA_04
CASE_00000875,DELAY,"stages ANALYSIS_COMPLETE,LIBRARY_PREPARED; joint deviation",QE-000178,RR-2025-07-28A,2024-03-19T06:38:41Z,QA_03
CASE_00000878,DELAY,stage LIBRARY_PREPARED; duration 5.4x class median,QE-000179,RR-2025-07-28A,2025-07-03T14:53:44Z,QA_02
CASE_00000888,REWORK,stage RELEASED; repeated events (2),QE-000180,RR-2025-07-28A,2025-05-11T00:54:05Z,QA_04
CASE_00000894,DELAY,stage SAMPLE_RECEIVED; manual case review of queue log; timestamps diffuse,QE-000181,RR-2025-07-28A,2026-03-29T02:48:32Z,QA_02
CASE_00000898,REWORK,stage LIBRARY_PREPARED; repeated events (2),QE-000182,RR-2025-07-28A,2024-12-30T14:49:05Z,QA_02
CASE_00000899,DELAY,stage LIBRARY_PREPARED; duration 5.2x class median,QE-000183,RR-2025-07-28A,2025-05-22T15:12:21Z,QA_03
CASE_00000909,DELAY,stage SEQUENCING_STARTED; duration 4.7x class median,QE-000184,RR-2025-07-28A,2026-01-19T17:18:02Z,QA_01
CASE_00000918,REWORK,stage ANALYSIS_COMPLETE; repeated events (2),QE-000185,RR-2025-07-28A,2024-03-28T19:27:33Z,QA_02
CASE_00000920,REWORK,stage ANALYSIS_COMPLETE; repeated events (2),QE-000186,RR-2025-07-28A,2024-02-24T09:38:44Z,QA_04
CASE_00000936,DELAY,stage RELEASED; manual case review of queue log; timestamps diffuse,QE-000187,RR-2025-07-28A,2026-02-19T06:17:15Z,QA_04
CASE_00000942,REWORK,stage ANALYSIS_COMPLETE; repeated events (2),QE-000188,RR-2025-07-28A,2024-04-20T01:44:34Z,QA_02
CASE_00000957,DELAY,stage LIBRARY_PREPARED; duration 5.3x class median,QE-000189,RR-2025-07-28A,2025-12-13T15:01:51Z,QA_01
CASE_00000958,REWORK,stage SAMPLE_RECEIVED; repeated events (2),QE-000190,RR-2025-07-28A,2026-06-18T17:05:19Z,QA_02
CASE_00000959,REWORK,stage ANALYSIS_COMPLETE; repeated events (2),QE-000191,RR-2025-07-28A,2024-05-10T07:25:48Z,QA_03
CASE_00000979,REWORK,stage REVIEWED; repeated events (2),QE-000192,RR-2025-07-28A,2024-03-10T12:49:26Z,QA_03
CASE_00000984,REWORK,stage LIBRARY_PREPARED; repeated events (2),QE-000193,RR-2025-07-28A,2024-06-04T22:10:41Z,QA_04
CASE_00000992,REWORK,stage ACCESSIONED; repeated events (2),QE-000194,RR-2025-07-28A,2025-04-03T01:10:13Z,QA_04
CASE_00001003,DELAY,stage ANALYSIS_COMPLETE; duration 4.9x class median,QE-000195,RR-2025-07-28A,2026-06-27T14:08:07Z,QA_03
CASE_00001004,REWORK,stage RELEASED; repeated events (2),QE-000196,RR-2025-07-28A,2024-11-12T18:03:14Z,QA_04
CASE_00001005,DELAY,stage SAMPLE_RECEIVED; manual case review of queue log; timestamps diffuse,QE-000197,RR-2025-07-28A,2025-02-14T11:03:11Z,QA_01
CASE_00001006,DELAY,stage LIBRARY_PREPARED; manual case review of queue log; timestamps diffuse,QE-000198,RR-2025-07-28A,2025-11-02T20:25:34Z,QA_02
CASE_00001009,DELAY,stage ACCESSIONED; manual case review of queue log; timestamps diffuse,QE-000199,RR-2025-07-28A,2024-04-16T13:49:20Z,QA_01
CASE_00001010,DELAY,stage SEQUENCING_STARTED; duration 4.7x class median,QE-000200,RR-2025-07-28A,2024-08-08T00:59:47Z,QA_02
CASE_00001013,DELAY,stage SEQUENCING_STARTED; duration 5.1x class median,QE-000201,RR-2025-07-28A,2024-05-16T23:54:52Z,QA_01
CASE_00001016,REWORK,stage SEQUENCING_STARTED; repeated events (2),QE-000202,RR-2025-07-28A,2024-10-31T22:53:40Z,QA_04
CASE_00001026,DELAY,stage LIBRARY_PREPARED; duration 5.0x class median,QE-000203,RR-2025-07-28A,2025-06-13T01:40:02Z,QA_02
CASE_00001028,DELAY,stage ANALYSIS_COMPLETE; duration 4.9x class median,QE-000204,RR-2025-07-28A,2024-05-10T07:55:33Z,QA_04
CASE_00001031,DELAY,"stages ANALYSIS_COMPLETE,LIBRARY_PREPARED; joint deviation",QE-000205,RR-2025-07-28A,2024-11-19T13:52:01Z,QA_03
CASE_00001032,DELAY,"stages ANALYSIS_COMPLETE,LIBRARY_PREPARED; joint deviation",QE-000206,RR-2025-07-28A,2026-06-02T13:37:13Z,QA_04
CASE_00001038,REWORK,stage RELEASED; repeated events (2),QE-000207,RR-2025-07-28A,2024-09-03T23:17:39Z,QA_02
CASE_00001044,REWORK,stage REVIEWED; repeated events (2),QE-000208,RR-2025-07-28A,2024-06-21T21:52:43Z,QA_04
CASE_00001046,REWORK,stage LIBRARY_PREPARED; repeated events (2),QE-000209,RR-2025-07-28A,2025-08-16T04:59:53Z,QA_02
CASE_00001049,DELAY,stage SEQUENCING_STARTED; manual case review of queue log; timestamps diffuse,QE-000210,RR-2025-07-28A,2024-06-09T08:29:29Z,QA_01
CASE_00001050,REWORK,stage LIBRARY_PREPARED; repeated events (2),QE-000211,RR-2025-07-28A,2025-09-23T13:31:48Z,QA_02
CASE_00001063,REWORK,stage REVIEWED; repeated events (2),QE-000212,RR-2025-07-28A,2025-02-25T12:05:29Z,QA_03
CASE_00001064,DELAY,stage LIBRARY_PREPARED; manual case review of queue log; timestamps diffuse,QE-000213,RR-2025-07-28A,2025-07-24T05:38:18Z,QA_04
CASE_00001068,REWORK,stage LIBRARY_PREPARED; repeated events (2),QE-000214,RR-2025-07-28A,2025-02-15T17:46:31Z,QA_04
CASE_00001078,DELAY,stage RELEASED; manual case review of queue log; timestamps diffuse,QE-000215,RR-2025-07-28A,2026-05-23T11:45:33Z,QA_02
CASE_00001079,DELAY,stage LIBRARY_PREPARED; duration 4.9x class median,QE-000216,RR-2025-07-28A,2024-04-14T20:15:01Z,QA_03
CASE_00001091,REWORK,stage SAMPLE_RECEIVED; repeated events (2),QE-000217,RR-2025-07-28A,2026-01-30T03:06:46Z,QA_03
CASE_00001093,DELAY,"stages ANALYSIS_COMPLETE,SEQUENCING_STARTED; joint deviation",QE-000218,RR-2025-07-28A,2024-03-17T21:59:07Z,QA_01
CASE_00001094,REWORK,stage RELEASED; repeated events (2),QE-000219,RR-2025-07-28A,2025-02-20T20:20:02Z,QA_02
CASE_00001098,DELAY,stage REVIEWED; manual case review of queue log; timestamps diffuse,QE-000220,RR-2025-07-28A,2025-05-02T08:15:14Z,QA_02
CASE_00001099,DELAY,stage SEQUENCING_STARTED; duration 4.7x class median,QE-000221,RR-2025-07-28A,2025-04-20T09:08:22Z,QA_03
CASE_00001103,DELAY,stage LIBRARY_PREPARED; duration 4.7x class median,QE-000222,RR-2025-07-28A,2024-05-15T21:53:46Z,QA_03
CASE_00001112,DELAY,stage LIBRARY_PREPARED; manual case review of queue log; timestamps diffuse,QE-000223,RR-2025-07-28A,2024-07-16T20:01:48Z,QA_04
CASE_00001122,DELAY,stage LIBRARY_PREPARED; duration 4.7x class median,QE-000224,RR-2025-07-28A,2025-10-22T22:16:22Z,QA_02
CASE_00001133,DELAY,stage SEQUENCING_STARTED; duration 4.8x class median,QE-000225,RR-2025-07-28A,2025-04-22T03:38:10Z,QA_01
CASE_00001135,DELAY,"stages ANALYSIS_COMPLETE,LIBRARY_PREPARED; joint deviation",QE-000226,RR-2025-07-28A,2026-05-22T22:02:38Z,QA_03
CASE_00001142,DELAY,"stages ANALYSIS_COMPLETE,LIBRARY_PREPARED; joint deviation",QE-000227,RR-2025-07-28A,2026-03-03T22:14:39Z,QA_02
CASE_00001144,DELAY,"stages LIBRARY_PREPARED,SEQUENCING_STARTED; joint deviation",QE-000228,RR-2025-07-28A,2024-12-08T10:22:00Z,QA_04
CASE_00001155,DELAY,"stages LIBRARY_PREPARED,SEQUENCING_STARTED; joint deviation",QE-000229,RR-2025-07-28A,2025-04-13T06:50:06Z,QA_03
CASE_00001161,DELAY,stage LIBRARY_PREPARED; duration 4.9x class median,QE-000230,RR-2025-07-28A,2026-06-29T00:00:00Z,QA_01
CASE_00001164,DELAY,stage ANALYSIS_COMPLETE; duration 5.5x class median,QE-000231,RR-2025-07-28A,2024-09-25T10:20:07Z,QA_04
CASE_00001165,REWORK,stage RELEASED; repeated events (2),QE-000232,RR-2025-07-28A,2024-04-06T18:12:54Z,QA_01
CASE_00001168,DELAY,"stages ANALYSIS_COMPLETE,LIBRARY_PREPARED; joint deviation",QE-000233,RR-2025-07-28A,2024-04-06T01:18:34Z,QA_04
CASE_00001171,DELAY,stage ANALYSIS_COMPLETE; manual case review of queue log; timestamps diffuse,QE-000234,RR-2025-07-28A,2025-02-24T03:28:08Z,QA_03
CASE_00001173,REWORK,stage LIBRARY_PREPARED; repeated events (2),QE-000235,RR-2025-07-28A,2026-04-14T08:54:11Z,QA_01
CASE_00001182,DELAY,"stages ANALYSIS_COMPLETE,LIBRARY_PREPARED; joint deviation",QE-000236,RR-2025-07-28A,2024-03-27T21:23:31Z,QA_02
CASE_00001189,DELAY,"stages ANALYSIS_COMPLETE,LIBRARY_PREPARED; joint deviation",QE-000237,RR-2025-07-28A,2024-04-24T04:44:50Z,QA_01
CASE_00001200,DELAY,stage ANALYSIS_COMPLETE; manual case review of queue log; timestamps diffuse,QE-000238,RR-2025-07-28A,2025-01-07T13:56:05Z,QA_04
CASE_00001206,DELAY,stage ANALYSIS_COMPLETE; manual case review of queue log; timestamps diffuse,QE-000239,RR-2025-07-28A,2025-10-15T07:33:39Z,QA_02
CASE_00001207,DELAY,stage LIBRARY_PREPARED; duration 4.6x class median,QE-000240,RR-2025-07-28A,2024-04-07T11:46:10Z,QA_03
CASE_00001209,DELAY,stage SEQUENCING_STARTED; duration 4.8x class median,QE-000241,RR-2025-07-28A,2024-12-05T02:03:59Z,QA_01
CASE_00001221,DELAY,stage LIBRARY_PREPARED; duration 4.8x class median,QE-000242,RR-2025-07-28A,2025-12-18T23:47:52Z,QA_01
CASE_00001223,DELAY,"stages LIBRARY_PREPARED,SEQUENCING_STARTED; joint deviation",QE-000243,RR-2025-07-28A,2024-07-27T16:03:02Z,QA_03
CASE_00001228,REWORK,stage RELEASED; repeated events (2),QE-000244,RR-2025-07-28A,2024-02-12T16:51:27Z,QA_04
CASE_00001234,DELAY,stage ACCESSIONED; manual case review of queue log; timestamps diffuse,QE-000245,RR-2025-07-28A,2024-03-06T05:38:38Z,QA_02
CASE_00001235,DELAY,"stages ANALYSIS_COMPLETE,LIBRARY_PREPARED; joint deviation",QE-000246,RR-2025-07-28A,2024-05-23T05:06:14Z,QA_03
CASE_00001237,REWORK,stage RELEASED; repeated events (2),QE-000247,RR-2025-07-28A,2024-08-11T03:08:44Z,QA_01
CASE_00001239,REWORK,stage REVIEWED; repeated events (2),QE-000248,RR-2025-07-28A,2026-04-16T22:13:00Z,QA_03
CASE_00001253,REWORK,stage REVIEWED; repeated events (2),QE-000249,RR-2025-07-28A,2026-02-26T18:27:50Z,QA_01
CASE_00001254,REWORK,stage SAMPLE_RECEIVED; repeated events (2),QE-000250,RR-2025-07-28A,2026-02-21T15:49:56Z,QA_02
CASE_00001258,DELAY,"stages LIBRARY_PREPARED,SEQUENCING_STARTED; joint deviation",QE-000251,RR-2025-07-28A,2026-02-11T03:37:28Z,QA_02
CASE_00001261,REWORK,stage SEQUENCING_STARTED; repeated events (2),QE-000252,RR-2025-07-28A,2025-05-20T22:31:20Z,QA_01
CASE_00001262,DELAY,stage RELEASED; manual case review of queue log; timestamps diffuse,QE-000253,RR-2025-07-28A,2025-11-14T03:11:54Z,QA_02
CASE_00001266,DELAY,"stages ANALYSIS_COMPLETE,SEQUENCING_STARTED; joint deviation",QE-000254,RR-2025-07-28A,2025-02-27T17:43:41Z,QA_02
CASE_00001270,DELAY,"stages ANALYSIS_COMPLETE,LIBRARY_PREPARED; joint deviation",QE-000255,RR-2025-07-28A,2025-04-06T06:54:22Z,QA_02
CASE_00001273,REWORK,stage REVIEWED; repeated events (2),QE-000256,RR-2025-07-28A,2025-11-08T20:25:46Z,QA_01
CASE_00001279,DELAY,stage SAMPLE_RECEIVED; manual case review of queue log; timestamps diffuse,QE-000257,RR-2025-07-28A,2024-03-16T19:06:41Z,QA_03
CASE_00001290,REWORK,stage ANALYSIS_COMPLETE; repeated events (2),QE-000258,RR-2025-07-28A,2025-06-02T22:25:47Z,QA_02
CASE_00001294,REWORK,stage SEQUENCING_STARTED; repeated events (2),QE-000259,RR-2025-07-28A,2025-09-09T05:25:41Z,QA_02
CASE_00001295,REWORK,stage RELEASED; repeated events (2),QE-000260,RR-2025-07-28A,2026-05-27T09:27:15Z,QA_03
CASE_00001297,DELAY,"stages ANALYSIS_COMPLETE,SEQUENCING_STARTED; joint deviation",QE-000261,RR-2025-07-28A,2024-09-06T04:20:37Z,QA_01
CASE_00001301,DELAY,stage ACCESSIONED; manual case review of queue log; timestamps diffuse,QE-000262,RR-2025-07-28A,2025-07-01T07:00:23Z,QA_01
CASE_00001303,DELAY,stage ACCESSIONED; manual case review of queue log; timestamps diffuse,QE-000263,RR-2025-07-28A,2025-01-03T13:48:54Z,QA_03
CASE_00001307,REWORK,stage ACCESSIONED; repeated events (2),QE-000264,RR-2025-07-28A,2025-10-10T14:23:34Z,QA_03
CASE_00001308,REWORK,stage LIBRARY_PREPARED; repeated events (2),QE-000265,RR-2025-07-28A,2024-10-23T18:35:40Z,QA_04
CASE_00001313,DELAY,stage ANALYSIS_COMPLETE; duration 5.3x class median,QE-000266,RR-2025-07-28A,2024-11-23T04:36:47Z,QA_01
CASE_00001315,DELAY,"stages ANALYSIS_COMPLETE,SEQUENCING_STARTED; joint deviation",QE-000267,RR-2025-07-28A,2025-07-14T13:28:48Z,QA_03
CASE_00001317,DELAY,stage LIBRARY_PREPARED; duration 5.4x class median,QE-000268,RR-2025-07-28A,2024-06-16T06:05:40Z,QA_01
CASE_00001320,DELAY,stage SAMPLE_RECEIVED; manual case review of queue log; timestamps diffuse,QE-000269,RR-2025-07-28A,2024-11-28T02:38:33Z,QA_04
CASE_00001322,DELAY,"stages ANALYSIS_COMPLETE,SEQUENCING_STARTED; joint deviation",QE-000270,RR-2025-07-28A,2025-05-25T05:22:56Z,QA_02
CASE_00001324,REWORK,stage RELEASED; repeated events (2),QE-000271,RR-2025-07-28A,2024-10-17T14:27:41Z,QA_04
CASE_00001332,DELAY,stage ANALYSIS_COMPLETE; duration 5.2x class median,QE-000272,RR-2025-07-28A,2026-02-08T10:04:06Z,QA_04
CASE_00001336,DELAY,stage LIBRARY_PREPARED; duration 4.7x class median,QE-000273,RR-2025-07-28A,2025-03-28T19:40:40Z,QA_04
CASE_00001337,REWORK,stage SEQUENCING_STARTED; repeated events (2),QE-000274,RR-2025-07-28A,2025-06-24T09:01:01Z,QA_01
CASE_00001343,REWORK,stage RELEASED; repeated events (2),QE-000275,RR-2025-07-28A,2024-07-16T22:08:45Z,QA_03
CASE_00001348,REWORK,stage ACCESSIONED; repeated events (2),QE-000276,RR-2025-07-28A,2025-03-12T03:20:17Z,QA_04
CASE_00001355,REWORK,stage REVIEWED; repeated events (2),QE-000277,RR-2025-07-28A,2026-04-25T14:00:34Z,QA_03
CASE_00001356,REWORK,stage ACCESSIONED; repeated events (2),QE-000278,RR-2025-07-28A,2025-07-23T17:05:33Z,QA_04
CASE_00001358,DELAY,stage ANALYSIS_COMPLETE; manual case review of queue log; timestamps diffuse,QE-000279,RR-2025-07-28A,2024-12-03T17:15:45Z,QA_02
CASE_00001360,DELAY,stage SEQUENCING_STARTED; duration 5.1x class median,QE-000280,RR-2025-07-28A,2025-11-26T00:21:24Z,QA_04
CASE_00001361,DELAY,stage LIBRARY_PREPARED; duration 4.6x class median,QE-000281,RR-2025-07-28A,2024-03-27T16:59:42Z,QA_01
CASE_00001376,REWORK,stage SAMPLE_RECEIVED; repeated events (2),QE-000282,RR-2025-07-28A,2025-03-30T22:20:43Z,QA_04
CASE_00001377,DELAY,"stages LIBRARY_PREPARED,SEQUENCING_STARTED; joint deviation",QE-000283,RR-2025-07-28A,2026-06-29T00:00:00Z,QA_01
CASE_00001381,REWORK,stage LIBRARY_PREPARED; repeated events (2),QE-000284,RR-2025-07-28A,2025-10-13T12:22:43Z,QA_01
CASE_00001383,DELAY,"stages LIBRARY_PREPARED,SEQUENCING_STARTED; joint deviation",QE-000285,RR-2025-07-28A,2025-10-30T08:16:59Z,QA_03
CASE_00001385,DELAY,"stages ANALYSIS_COMPLETE,LIBRARY_PREPARED; joint deviation",QE-000286,RR-2025-07-28A,2026-01-04T08:00:07Z,QA_01
CASE_00001387,DELAY,stage LIBRARY_PREPARED; manual case review of queue log; timestamps diffuse,QE-000287,RR-2025-07-28A,2025-08-22T06:16:45Z,QA_03
CASE_00001388,DELAY,stage ANALYSIS_COMPLETE; manual case review of queue log; timestamps diffuse,QE-000288,RR-2025-07-28A,2024-11-27T12:03:15Z,QA_04
CASE_00001397,REWORK,stage ACCESSIONED; repeated events (2),QE-000289,RR-2025-07-28A,2025-07-12T13:58:21Z,QA_01
CASE_00001398,REWORK,stage RELEASED; repeated events (2),QE-000290,RR-2025-07-28A,2024-03-23T22:26:35Z,QA_02
CASE_00001401,REWORK,stage ANALYSIS_COMPLETE; repeated events (2),QE-000291,RR-2025-07-28A,2024-04-22T14:03:25Z,QA_01
CASE_00001403,DELAY,stage REVIEWED; manual case review of queue log; timestamps diffuse,QE-000292,RR-2025-07-28A,2024-02-28T18:52:12Z,QA_03
CASE_00001405,REWORK,stage SAMPLE_RECEIVED; repeated events (2),QE-000293,RR-2025-07-28A,2024-02-29T01:56:04Z,QA_01
CASE_00001414,REWORK,stage REVIEWED; repeated events (2),QE-000294,RR-2025-07-28A,2024-05-05T16:16:23Z,QA_02
CASE_00001417,DELAY,"stages ANALYSIS_COMPLETE,SEQUENCING_STARTED; joint deviation",QE-000295,RR-2025-07-28A,2026-04-10T09:00:43Z,QA_01
CASE_00001420,DELAY,"stages ANALYSIS_COMPLETE,LIBRARY_PREPARED; joint deviation",QE-000296,RR-2025-07-28A,2025-11-10T04:10:11Z,QA_04
CASE_00001440,REWORK,stage ANALYSIS_COMPLETE; repeated events (2),QE-000297,RR-2025-07-28A,2024-03-04T02:35:34Z,QA_04
CASE_00001450,REWORK,stage SEQUENCING_STARTED; repeated events (2),QE-000298,RR-2025-07-28A,2025-11-07T14:26:55Z,QA_02
CASE_00001452,DELAY,"stages LIBRARY_PREPARED,SEQUENCING_STARTED; joint deviation",QE-000299,RR-2025-07-28A,2025-08-11T19:49:07Z,QA_04
CASE_00001457,REWORK,stage REVIEWED; repeated events (2),QE-000300,RR-2025-07-28A,2025-06-04T22:32:01Z,QA_01
CASE_00001459,DELAY,"stages ANALYSIS_COMPLETE,SEQUENCING_STARTED; joint deviation",QE-000301,RR-2025-07-28A,2024-08-03T22:34:10Z,QA_03
CASE_00001462,DELAY,stage LIBRARY_PREPARED; manual case review of queue log; timestamps diffuse,QE-000302,RR-2025-07-28A,2024-06-13T02:18:00Z,QA_02
CASE_00001485,REWORK,stage REVIEWED; repeated events (2),QE-000303,RR-2025-07-28A,2025-04-26T22:00:20Z,QA_01
CASE_00001486,REWORK,stage ACCESSIONED; repeated events (2),QE-000304,RR-2025-07-28A,2025-08-17T04:39:25Z,QA_02
CASE_00001488,DELAY,stage SEQUENCING_STARTED; duration 5.4x class median,QE-000305,RR-2025-07-28A,2025-03-12T10:22:23Z,QA_04
CASE_00001491,DELAY,stage SEQUENCING_STARTED; duration 5.2x class median,QE-000306,RR-2025-07-28A,2025-10-12T11:34:20Z,QA_03
CASE_00001505,DELAY,stage SEQUENCING_STARTED; duration 4.7x class median,QE-000307,RR-2025-07-28A,2026-03-17T18:18:24Z,QA_01
CASE_00001509,DELAY,"stages LIBRARY_PREPARED,SEQUENCING_STARTED; joint deviation",QE-000308,RR-2025-07-28A,2024-03-09T09:33:17Z,QA_01
CASE_00001513,DELAY,stage SEQUENCING_STARTED; duration 4.9x class median,QE-000309,RR-2025-07-28A,2024-05-28T03:58:06Z,QA_01
CASE_00001514,DELAY,stage SEQUENCING_STARTED; duration 5.4x class median,QE-000310,RR-2025-07-28A,2024-12-26T01:52:18Z,QA_02
CASE_00001517,REWORK,stage LIBRARY_PREPARED; repeated events (2),QE-000311,RR-2025-07-28A,2024-01-27T23:29:30Z,QA_01
CASE_00001521,REWORK,stage ACCESSIONED; repeated events (2),QE-000312,RR-2025-07-28A,2025-08-20T01:19:29Z,QA_01
CASE_00001523,REWORK,stage REVIEWED; repeated events (2),QE-000313,RR-2025-07-28A,2025-11-23T01:50:34Z,QA_03
CASE_00001524,REWORK,stage SEQUENCING_STARTED; repeated events (2),QE-000314,RR-2025-07-28A,2025-09-14T19:09:29Z,QA_04
CASE_00001525,REWORK,stage SAMPLE_RECEIVED; repeated events (2),QE-000315,RR-2025-07-28A,2025-01-03T06:55:39Z,QA_01
CASE_00001529,DELAY,"stages ANALYSIS_COMPLETE,LIBRARY_PREPARED; joint deviation",QE-000316,RR-2025-07-28A,2025-05-06T22:27:17Z,QA_01
CASE_00001530,DELAY,"stages LIBRARY_PREPARED,SEQUENCING_STARTED; joint deviation",QE-000317,RR-2025-07-28A,2025-04-25T08:17:56Z,QA_02
CASE_00001537,REWORK,stage RELEASED; repeated events (2),QE-000318,RR-2025-07-28A,2025-04-09T00:27:34Z,QA_01
CASE_00001545,REWORK,stage ACCESSIONED; repeated events (2),QE-000319,RR-2025-07-28A,2024-10-14T23:46:20Z,QA_01
CASE_00001548,DELAY,stage SEQUENCING_STARTED; duration 5.4x class median,QE-000320,RR-2025-07-28A,2024-04-11T01:10:34Z,QA_04
CASE_00001552,REWORK,stage ACCESSIONED; repeated events (2),QE-000321,RR-2025-07-28A,2024-11-01T03:10:04Z,QA_04
CASE_00001558,DELAY,stage LIBRARY_PREPARED; duration 5.2x class median,QE-000322,RR-2025-07-28A,2025-04-15T00:26:04Z,QA_02
CASE_00001571,REWORK,stage SEQUENCING_STARTED; repeated events (2),QE-000323,RR-2025-07-28A,2026-01-03T13:43:56Z,QA_03
CASE_00001575,DELAY,stage ANALYSIS_COMPLETE; manual case review of queue log; timestamps diffuse,QE-000324,RR-2025-07-28A,2024-05-29T00:20:31Z,QA_03
CASE_00001581,DELAY,stage ANALYSIS_COMPLETE; duration 5.2x class median,QE-000325,RR-2025-07-28A,2025-01-24T02:58:51Z,QA_01
CASE_00001584,REWORK,stage SAMPLE_RECEIVED; repeated events (2),QE-000326,RR-2025-07-28A,2025-08-08T07:44:34Z,QA_04
CASE_00001587,REWORK,stage REVIEWED; repeated events (2),QE-000327,RR-2025-07-28A,2026-02-20T21:29:43Z,QA_03
CASE_00001602,DELAY,"stages ANALYSIS_COMPLETE,LIBRARY_PREPARED; joint deviation",QE-000328,RR-2025-07-28A,2024-05-31T23:53:45Z,QA_02
CASE_00001606,DELAY,"stages ANALYSIS_COMPLETE,LIBRARY_PREPARED; joint deviation",QE-000329,RR-2025-07-28A,2025-05-13T06:45:47Z,QA_02
CASE_00001612,DELAY,stage LIBRARY_PREPARED; duration 5.4x class median,QE-000330,RR-2025-07-28A,2026-03-27T15:47:14Z,QA_04
CASE_00001620,REWORK,stage RELEASED; repeated events (2),QE-000331,RR-2025-07-28A,2026-01-18T22:57:53Z,QA_04
CASE_00001626,DELAY,"stages ANALYSIS_COMPLETE,SEQUENCING_STARTED; joint deviation",QE-000332,RR-2025-07-28A,2024-03-10T17:32:37Z,QA_02
CASE_00001635,REWORK,stage RELEASED; repeated events (2),QE-000333,RR-2025-07-28A,2025-09-21T22:29:24Z,QA_03
CASE_00001636,DELAY,stage SEQUENCING_STARTED; manual case review of queue log; timestamps diffuse,QE-000334,RR-2025-07-28A,2025-09-10T03:08:52Z,QA_04
CASE_00001638,REWORK,stage SAMPLE_RECEIVED; repeated events (2),QE-000335,RR-2025-07-28A,2024-04-19T07:00:34Z,QA_02
CASE_00001642,DELAY,stage ANALYSIS_COMPLETE; duration 4.6x class median,QE-000336,RR-2025-07-28A,2024-08-10T13:21:04Z,QA_02
CASE_00001643,DELAY,stage REVIEWED; manual case review of queue log; timestamps diffuse,QE-000337,RR-2025-07-28A,2025-11-18T22:36:10Z,QA_03
CASE_00001645,REWORK,stage ACCESSIONED; repeated events (2),QE-000338,RR-2025-07-28A,2024-11-05T03:17:52Z,QA_01
CASE_00001646,REWORK,stage SEQUENCING_STARTED; repeated events (2),QE-000339,RR-2025-07-28A,2024-11-13T10:58:44Z,QA_02
CASE_00001654,DELAY,stage LIBRARY_PREPARED; duration 4.7x class median,QE-000340,RR-2025-07-28A,2026-03-02T09:10:20Z,QA_02
CASE_00001663,REWORK,stage ACCESSIONED; repeated events (2),QE-000341,RR-2025-07-28A,2026-06-14T20:38:59Z,QA_03
CASE_00001665,DELAY,stage ANALYSIS_COMPLETE; manual case review of queue log; timestamps diffuse,QE-000342,RR-2025-07-28A,2025-05-01T09:43:21Z,QA_01
CASE_00001670,REWORK,stage REVIEWED; repeated events (2),QE-000343,RR-2025-07-28A,2024-10-13T00:52:46Z,QA_02
CASE_00001671,REWORK,stage REVIEWED; repeated events (2),QE-000344,RR-2025-07-28A,2026-05-22T12:11:22Z,QA_03
CASE_00001676,REWORK,stage SAMPLE_RECEIVED; repeated events (2),QE-000345,RR-2025-07-28A,2024-08-04T02:59:58Z,QA_04
CASE_00001680,DELAY,stage RELEASED; manual case review of queue log; timestamps diffuse,QE-000346,RR-2025-07-28A,2026-04-22T17:42:00Z,QA_04
CASE_00001681,DELAY,stage RELEASED; manual case review of queue log; timestamps diffuse,QE-000347,RR-2025-07-28A,2025-07-19T18:35:54Z,QA_01
CASE_00001683,DELAY,stage REVIEWED; manual case review of queue log; timestamps diffuse,QE-000348,RR-2025-07-28A,2024-06-30T12:42:56Z,QA_03
CASE_00001691,DELAY,stage LIBRARY_PREPARED; manual case review of queue log; timestamps diffuse,QE-000349,RR-2025-07-28A,2025-06-13T23:22:02Z,QA_03
CASE_00001695,REWORK,stage ANALYSIS_COMPLETE; repeated events (2),QE-000350,RR-2025-07-28A,2024-03-07T00:23:53Z,QA_03
CASE_00001697,REWORK,stage ANALYSIS_COMPLETE; repeated events (2),QE-000351,RR-2025-07-28A,2024-05-31T09:17:22Z,QA_01
CASE_00001715,REWORK,stage SEQUENCING_STARTED; repeated events (2),QE-000352,RR-2025-07-28A,2026-05-06T10:48:16Z,QA_03
CASE_00001716,DELAY,stage ANALYSIS_COMPLETE; duration 5.5x class median,QE-000353,RR-2025-07-28A,2025-05-26T04:29:10Z,QA_04
CASE_00001717,DELAY,"stages ANALYSIS_COMPLETE,SEQUENCING_STARTED; joint deviation",QE-000354,RR-2025-07-28A,2025-01-08T07:51:41Z,QA_01
CASE_00001733,DELAY,stage SAMPLE_RECEIVED; manual case review of queue log; timestamps diffuse,QE-000355,RR-2025-07-28A,2026-05-18T04:06:38Z,QA_01
CASE_00001741,DELAY,stage LIBRARY_PREPARED; duration 4.9x class median,QE-000356,RR-2025-07-28A,2025-01-28T04:22:00Z,QA_01
CASE_00001750,REWORK,stage SAMPLE_RECEIVED; repeated events (2),QE-000357,RR-2025-07-28A,2026-02-23T18:42:55Z,QA_02
CASE_00001754,REWORK,stage RELEASED; repeated events (2),QE-000358,RR-2025-07-28A,2024-06-16T13:00:52Z,QA_02
CASE_00001761,REWORK,stage REVIEWED; repeated events (2),QE-000359,RR-2025-07-28A,2025-11-13T22:11:40Z,QA_01
CASE_00001766,REWORK,stage SEQUENCING_STARTED; repeated events (2),QE-000360,RR-2025-07-28A,2024-07-05T21:53:43Z,QA_02
CASE_00001786,DELAY,stage SEQUENCING_STARTED; duration 5.4x class median,QE-000361,RR-2025-07-28A,2025-02-11T18:49:16Z,QA_02
CASE_00001795,REWORK,stage ACCESSIONED; repeated events (2),QE-000362,RR-2025-07-28A,2026-01-06T20:18:29Z,QA_03
CASE_00001799,DELAY,stage SEQUENCING_STARTED; duration 5.2x class median,QE-000363,RR-2025-07-28A,2025-03-22T18:21:15Z,QA_03
CASE_00001804,DELAY,"stages ANALYSIS_COMPLETE,SEQUENCING_STARTED; joint deviation",QE-000364,RR-2025-07-28A,2026-06-29T00:00:00Z,QA_04
CASE_00001813,REWORK,stage RELEASED; repeated events (2),QE-000365,RR-2025-07-28A,2026-04-08T00:42:19Z,QA_01
CASE_00001815,DELAY,"stages LIBRARY_PREPARED,SEQUENCING_STARTED; joint deviation",QE-000366,RR-2025-07-28A,2026-03-17T15:46:24Z,QA_03
CASE_00001830,DELAY,"stages ANALYSIS_COMPLETE,SEQUENCING_STARTED; joint deviation",QE-000367,RR-2025-07-28A,2024-07-24T01:36:12Z,QA_02
CASE_00001831,DELAY,stage RELEASED; manual case review of queue log; timestamps diffuse,QE-000368,RR-2025-07-28A,2025-06-05T15:50:02Z,QA_03
CASE_00001834,DELAY,stage SAMPLE_RECEIVED; manual case review of queue log; timestamps diffuse,QE-000369,RR-2025-07-28A,2026-02-25T07:23:34Z,QA_02
CASE_00001838,DELAY,stage LIBRARY_PREPARED; manual case review of queue log; timestamps diffuse,QE-000370,RR-2025-07-28A,2025-07-21T06:54:17Z,QA_02
CASE_00001844,DELAY,stage SEQUENCING_STARTED; duration 5.1x class median,QE-000371,RR-2025-07-28A,2024-02-09T11:16:52Z,QA_04
CASE_00001847,REWORK,stage ANALYSIS_COMPLETE; repeated events (2),QE-000372,RR-2025-07-28A,2024-09-12T09:38:36Z,QA_03
CASE_00001848,DELAY,stage ANALYSIS_COMPLETE; duration 5.1x class median,QE-000373,RR-2025-07-28A,2025-07-22T00:35:31Z,QA_04
CASE_00001852,DELAY,stage LIBRARY_PREPARED; duration 5.1x class median,QE-000374,RR-2025-07-28A,2025-05-09T09:46:23Z,QA_04
CASE_00001854,DELAY,stage ACCESSIONED; manual case review of queue log; timestamps diffuse,QE-000375,RR-2025-07-28A,2025-02-11T11:45:16Z,QA_02
CASE_00001857,REWORK,stage ANALYSIS_COMPLETE; repeated events (2),QE-000376,RR-2025-07-28A,2025-12-29T12:20:45Z,QA_01
CASE_00001859,REWORK,stage SAMPLE_RECEIVED; repeated events (2),QE-000377,RR-2025-07-28A,2025-07-05T20:26:44Z,QA_03
CASE_00001861,DELAY,stage RELEASED; manual case review of queue log; timestamps diffuse,QE-000378,RR-2025-07-28A,2025-01-02T07:41:41Z,QA_01
CASE_00001865,DELAY,stage SEQUENCING_STARTED; manual case review of queue log; timestamps diffuse,QE-000379,RR-2025-07-28A,2024-04-09T13:24:11Z,QA_01
CASE_00001873,DELAY,"stages ANALYSIS_COMPLETE,LIBRARY_PREPARED; joint deviation",QE-000380,RR-2025-07-28A,2025-12-31T21:01:47Z,QA_01
CASE_00001878,REWORK,stage LIBRARY_PREPARED; repeated events (2),QE-000381,RR-2025-07-28A,2025-07-25T14:01:54Z,QA_02
CASE_00001881,DELAY,stage LIBRARY_PREPARED; manual case review of queue log; timestamps diffuse,QE-000382,RR-2025-07-28A,2025-06-17T06:22:07Z,QA_01
CASE_00001883,REWORK,stage ACCESSIONED; repeated events (2),QE-000383,RR-2025-07-28A,2024-12-26T06:20:57Z,QA_03
CASE_00001889,REWORK,stage SEQUENCING_STARTED; repeated events (2),QE-000384,RR-2025-07-28A,2024-05-30T09:42:40Z,QA_01
CASE_00001892,DELAY,stage LIBRARY_PREPARED; manual case review of queue log; timestamps diffuse,QE-000385,RR-2025-07-28A,2025-04-18T12:15:40Z,QA_04
CASE_00001897,REWORK,stage LIBRARY_PREPARED; repeated events (2),QE-000386,RR-2025-07-28A,2026-02-04T23:58:13Z,QA_01
CASE_00001900,DELAY,stage LIBRARY_PREPARED; duration 5.4x class median,QE-000387,RR-2025-07-28A,2025-01-30T03:46:03Z,QA_04
CASE_00001906,REWORK,stage REVIEWED; repeated events (2),QE-000388,RR-2025-07-28A,2025-06-14T15:20:26Z,QA_02
CASE_00001911,REWORK,stage SEQUENCING_STARTED; repeated events (2),QE-000389,RR-2025-07-28A,2025-12-06T23:09:41Z,QA_03
CASE_00001914,DELAY,stage SEQUENCING_STARTED; duration 5.0x class median,QE-000390,RR-2025-07-28A,2024-03-07T20:46:20Z,QA_02
CASE_00001923,DELAY,stage LIBRARY_PREPARED; duration 5.2x class median,QE-000391,RR-2025-07-28A,2025-06-04T12:19:42Z,QA_03
CASE_00001937,REWORK,stage ANALYSIS_COMPLETE; repeated events (2),QE-000392,RR-2025-07-28A,2025-10-16T11:55:02Z,QA_01
CASE_00001938,DELAY,"stages LIBRARY_PREPARED,SEQUENCING_STARTED; joint deviation",QE-000393,RR-2025-07-28A,2026-04-23T18:02:45Z,QA_02
CASE_00001939,DELAY,"stages ANALYSIS_COMPLETE,SEQUENCING_STARTED; joint deviation",QE-000394,RR-2025-07-28A,2025-04-10T10:03:07Z,QA_03
CASE_00001944,REWORK,stage SAMPLE_RECEIVED; repeated events (2),QE-000395,RR-2025-07-28A,2025-01-05T08:30:47Z,QA_04
CASE_00001948,DELAY,stage SEQUENCING_STARTED; duration 5.2x class median,QE-000396,RR-2025-07-28A,2025-09-27T15:44:32Z,QA_04
CASE_00001954,REWORK,stage SAMPLE_RECEIVED; repeated events (2),QE-000397,RR-2025-07-28A,2024-09-04T01:49:18Z,QA_02
CASE_00001957,REWORK,stage SAMPLE_RECEIVED; repeated events (2),QE-000398,RR-2025-07-28A,2025-11-29T06:41:46Z,QA_01
CASE_00001960,REWORK,stage ACCESSIONED; repeated events (2),QE-000399,RR-2025-07-28A,2026-04-09T23:36:57Z,QA_04
CASE_00001966,DELAY,stage ACCESSIONED; manual case review of queue log; timestamps diffuse,QE-000400,RR-2025-07-28A,2024-07-28T23:05:38Z,QA_02
CASE_00001968,DELAY,stage ANALYSIS_COMPLETE; duration 4.8x class median,QE-000401,RR-2025-07-28A,2026-02-17T22:58:22Z,QA_04
CASE_00001969,REWORK,stage LIBRARY_PREPARED; repeated events (2),QE-000402,RR-2025-07-28A,2025-09-10T03:19:25Z,QA_01
CASE_00001970,DELAY,"stages ANALYSIS_COMPLETE,SEQUENCING_STARTED; joint deviation",QE-000403,RR-2025-07-28A,2024-11-23T19:21:21Z,QA_02
CASE_00001974,REWORK,stage SAMPLE_RECEIVED; repeated events (2),QE-000404,RR-2025-07-28A,2024-05-07T19:42:17Z,QA_02
CASE_00001977,REWORK,stage ANALYSIS_COMPLETE; repeated events (2),QE-000405,RR-2025-07-28A,2025-06-05T12:59:59Z,QA_01
CASE_00001983,DELAY,stage REVIEWED; manual case review of queue log; timestamps diffuse,QE-000406,RR-2025-07-28A,2026-01-25T13:51:11Z,QA_03
CASE_00001993,REWORK,stage SAMPLE_RECEIVED; repeated events (2),QE-000407,RR-2025-07-28A,2025-05-01T02:02:52Z,QA_01
CASE_00001994,REWORK,stage LIBRARY_PREPARED; repeated events (2),QE-000408,RR-2025-07-28A,2024-02-12T03:41:17Z,QA_02
CASE_00001998,REWORK,stage SAMPLE_RECEIVED; repeated events (2),QE-000409,RR-2025-07-28A,2026-03-05T15:45:12Z,QA_02
CASE_00002002,DELAY,"stages ANALYSIS_COMPLETE,LIBRARY_PREPARED; joint deviation",QE-000410,RR-2025-07-28A,2026-04-08T12:42:24Z,QA_02
CASE_00002017,REWORK,stage REVIEWED; repeated events (2),QE-000411,RR-2025-07-28A,2024-11-04T11:38:34Z,QA_01
CASE_00002020,DELAY,"stages ANALYSIS_COMPLETE,LIBRARY_PREPARED; joint deviation",QE-000412,RR-2025-07-28A,2025-01-18T06:32:31Z,QA_04
CASE_00002028,DELAY,stage SEQUENCING_STARTED; duration 4.9x class median,QE-000413,RR-2025-07-28A,2026-03-10T12:49:08Z,QA_04
CASE_00002030,DELAY,stage SAMPLE_RECEIVED; manual case review of queue log; timestamps diffuse,QE-000414,RR-2025-07-28A,2026-01-20T21:28:11Z,QA_02
CASE_00002040,DELAY,stage ANALYSIS_COMPLETE; duration 4.6x class median,QE-000415,RR-2025-07-28A,2024-06-03T13:43:30Z,QA_04
CASE_00002042,DELAY,stage LIBRARY_PREPARED; duration 4.9x class median,QE-000416,RR-2025-07-28A,2024-03-08T23:00:23Z,QA_02
CASE_00002043,DELAY,stage ANALYSIS_COMPLETE; duration 4.9x class median,QE-000417,RR-2025-07-28A,2025-06-12T00:23:11Z,QA_03
CASE_00002046,REWORK,stage SAMPLE_RECEIVED; repeated events (2),QE-000418,RR-2025-07-28A,2024-07-21T17:55:55Z,QA_02
CASE_00002047,REWORK,stage RELEASED; repeated events (2),QE-000419,RR-2025-07-28A,2026-01-02T14:44:18Z,QA_03
CASE_00002056,REWORK,stage ACCESSIONED; repeated events (2),QE-000420,RR-2025-07-28A,2024-07-22T00:20:03Z,QA_04
CASE_00002066,REWORK,stage RELEASED; repeated events (2),QE-000421,RR-2025-07-28A,2024-09-23T02:22:34Z,QA_02
CASE_00002073,DELAY,stage LIBRARY_PREPARED; manual case review of queue log; timestamps diffuse,QE-000422,RR-2025-07-28A,2025-04-23T08:59:15Z,QA_01
CASE_00002075,DELAY,stage ACCESSIONED; manual case review of queue log; timestamps diffuse,QE-000423,RR-2025-07-28A,2026-05-21T05:00:01Z,QA_03
CASE_00002078,DELAY,stage SEQUENCING_STARTED; duration 5.2x class median,QE-000424,RR-2025-07-28A,2024-09-01T13:32:15Z,QA_02
CASE_00002080,REWORK,stage SAMPLE_RECEIVED; repeated events (2),QE-000425,RR-2025-07-28A,2024-08-27T01:27:29Z,QA_04
CASE_00002084,DELAY,stage RELEASED; manual case review of queue log; timestamps diffuse,QE-000426,RR-2025-07-28A,2025-05-17T12:05:40Z,QA_04
CASE_00002088,REWORK,stage LIBRARY_PREPARED; repeated events (2),QE-000427,RR-2025-07-28A,2024-06-05T06:20:23Z,QA_04
CASE_00002093,REWORK,stage REVIEWED; repeated events (2),QE-000428,RR-2025-07-28A,2024-03-24T20:28:04Z,QA_01
CASE_00002095,DELAY,stage SEQUENCING_STARTED; duration 4.9x class median,QE-000429,RR-2025-07-28A,2026-05-04T02:01:16Z,QA_03
CASE_00002097,DELAY,stage LIBRARY_PREPARED; duration 5.3x class median,QE-000430,RR-2025-07-28A,2025-12-06T12:01:35Z,QA_01
CASE_00002103,REWORK,stage RELEASED; repeated events (2),QE-000431,RR-2025-07-28A,2024-07-23T02:43:14Z,QA_03
CASE_00002106,DELAY,stage LIBRARY_PREPARED; manual case review of queue log; timestamps diffuse,QE-000432,RR-2025-07-28A,2025-08-17T11:18:15Z,QA_02
CASE_00002127,DELAY,stage ACCESSIONED; manual case review of queue log; timestamps diffuse,QE-000433,RR-2025-07-28A,2024-07-03T17:48:23Z,QA_03
CASE_00002143,REWORK,stage REVIEWED; repeated events (2),QE-000434,RR-2025-07-28A,2025-08-17T00:21:28Z,QA_03
CASE_00002150,DELAY,"stages LIBRARY_PREPARED,SEQUENCING_STARTED; joint deviation",QE-000435,RR-2025-07-28A,2025-05-08T08:25:49Z,QA_02
CASE_00002151,DELAY,stage ACCESSIONED; manual case review of queue log; timestamps diffuse,QE-000436,RR-2025-07-28A,2025-01-16T07:57:05Z,QA_03
CASE_00002156,REWORK,stage RELEASED; repeated events (2),QE-000437,RR-2025-07-28A,2025-08-25T06:30:29Z,QA_04
CASE_00002162,DELAY,stage SEQUENCING_STARTED; duration 5.1x class median,QE-000438,RR-2025-07-28A,2025-04-13T18:27:16Z,QA_02
CASE_00002163,REWORK,stage ANALYSIS_COMPLETE; repeated events (2),QE-000439,RR-2025-07-28A,2024-03-03T10:24:14Z,QA_03
CASE_00002173,DELAY,"stages ANALYSIS_COMPLETE,SEQUENCING_STARTED; joint deviation",QE-000440,RR-2025-07-28A,2026-05-08T17:10:40Z,QA_01
CASE_00002176,REWORK,stage RELEASED; repeated events (2),QE-000441,RR-2025-07-28A,2024-03-27T12:48:46Z,QA_04
CASE_00002186,DELAY,stage SEQUENCING_STARTED; duration 4.7x class median,QE-000442,RR-2025-07-28A,2025-06-13T09:20:41Z,QA_02
CASE_00002196,REWORK,stage SEQUENCING_STARTED; repeated events (2),QE-000443,RR-2025-07-28A,2025-08-21T17:26:13Z,QA_04
CASE_00002197,REWORK,stage RELEASED; repeated events (2),QE-000444,RR-2025-07-28A,2025-03-10T21:20:01Z,QA_01
CASE_00002198,DELAY,stage ACCESSIONED; manual case review of queue log; timestamps diffuse,QE-000445,RR-2025-07-28A,2025-04-29T20:19:46Z,QA_02
CASE_00002202,DELAY,stage LIBRARY_PREPARED; duration 5.0x class median,QE-000446,RR-2025-07-28A,2025-04-23T01:02:14Z,QA_02
CASE_00002214,DELAY,stage ANALYSIS_COMPLETE; manual case review of queue log; timestamps diffuse,QE-000447,RR-2025-07-28A,2024-10-07T09:57:22Z,QA_02
CASE_00002217,REWORK,stage LIBRARY_PREPARED; repeated events (2),QE-000448,RR-2025-07-28A,2026-02-16T13:19:25Z,QA_01
CASE_00002218,REWORK,stage ANALYSIS_COMPLETE; repeated events (2),QE-000449,RR-2025-07-28A,2024-11-22T20:41:41Z,QA_02
CASE_00002225,DELAY,stage RELEASED; manual case review of queue log; timestamps diffuse,QE-000450,RR-2025-07-28A,2025-04-17T21:44:58Z,QA_01
CASE_00002228,DELAY,stage LIBRARY_PREPARED; manual case review of queue log; timestamps diffuse,QE-000451,RR-2025-07-28A,2025-01-25T14:45:23Z,QA_04
CASE_00002233,DELAY,stage ANALYSIS_COMPLETE; duration 5.1x class median,QE-000452,RR-2025-07-28A,2024-08-14T22:23:30Z,QA_01
CASE_00002248,DELAY,stage RELEASED; manual case review of queue log; timestamps diffuse,QE-000453,RR-2025-07-28A,2025-10-29T13:02:39Z,QA_04
CASE_00002250,REWORK,stage ANALYSIS_COMPLETE; repeated events (2),QE-000454,RR-2025-07-28A,2024-09-11T21:07:04Z,QA_02
CASE_00002253,DELAY,"stages LIBRARY_PREPARED,SEQUENCING_STARTED; joint deviation",QE-000455,RR-2025-07-28A,2025-08-15T23:16:33Z,QA_01
CASE_00002258,DELAY,stage ANALYSIS_COMPLETE; manual case review of queue log; timestamps diffuse,QE-000456,RR-2025-07-28A,2024-05-16T03:30:09Z,QA_02
CASE_00002280,DELAY,stage LIBRARY_PREPARED; duration 5.3x class median,QE-000457,RR-2025-07-28A,2024-03-01T14:34:12Z,QA_04
CASE_00002292,REWORK,stage ACCESSIONED; repeated events (2),QE-000458,RR-2025-07-28A,2026-04-10T07:00:17Z,QA_04
CASE_00002293,DELAY,"stages ANALYSIS_COMPLETE,SEQUENCING_STARTED; joint deviation",QE-000459,RR-2025-07-28A,2025-05-16T17:00:33Z,QA_01
CASE_00002298,DELAY,stage ANALYSIS_COMPLETE; manual case review of queue log; timestamps diffuse,QE-000460,RR-2025-07-28A,2025-06-29T06:04:37Z,QA_02
CASE_00002304,DELAY,stage RELEASED; manual case review of queue log; timestamps diffuse,QE-000461,RR-2025-07-28A,2025-04-19T04:18:33Z,QA_04
CASE_00002308,DELAY,stage ANALYSIS_COMPLETE; duration 5.1x class median,QE-000462,RR-2025-07-28A,2025-06-30T02:43:32Z,QA_04
CASE_00002310,REWORK,stage RELEASED; repeated events (2),QE-000463,RR-2025-07-28A,2026-06-01T14:08:09Z,QA_02
CASE_00002313,DELAY,stage ANALYSIS_COMPLETE; duration 4.9x class median,QE-000464,RR-2025-07-28A,2024-04-13T16:51:54Z,QA_01
CASE_00002323,DELAY,"stages ANALYSIS_COMPLETE,LIBRARY_PREPARED; joint deviation",QE-000465,RR-2025-07-28A,2026-04-25T05:53:18Z,QA_03
CASE_00002329,REWORK,stage LIBRARY_PREPARED; repeated events (2),QE-000466,RR-2025-07-28A,2026-05-06T15:38:23Z,QA_01
CASE_00002333,DELAY,stage LIBRARY_PREPARED; duration 5.1x class median,QE-000467,RR-2025-07-28A,2024-12-02T03:42:08Z,QA_01
CASE_00002336,REWORK,stage SAMPLE_RECEIVED; repeated events (2),QE-000468,RR-2025-07-28A,2026-05-31T09:09:03Z,QA_04
CASE_00002343,DELAY,stage SEQUENCING_STARTED; manual case review of queue log; timestamps diffuse,QE-000469,RR-2025-07-28A,2025-03-10T13:14:46Z,QA_03
CASE_00002347,DELAY,stage LIBRARY_PREPARED; duration 5.4x class median,QE-000470,RR-2025-07-28A,2025-01-23T05:57:41Z,QA_03
CASE_00002358,DELAY,"stages ANALYSIS_COMPLETE,LIBRARY_PREPARED; joint deviation",QE-000471,RR-2025-07-28A,2025-05-29T03:41:01Z,QA_02
CASE_00002367,REWORK,stage ANALYSIS_COMPLETE; repeated events (2),QE-000472,RR-2025-07-28A,2024-06-08T04:16:09Z,QA_03
CASE_00002372,DELAY,"stages ANALYSIS_COMPLETE,LIBRARY_PREPARED; joint deviation",QE-000473,RR-2025-07-28A,2025-05-29T14:45:54Z,QA_04
CASE_00002375,REWORK,stage ANALYSIS_COMPLETE; repeated events (2),QE-000474,RR-2025-07-28A,2024-04-25T09:10:28Z,QA_03
CASE_00002381,DELAY,"stages ANALYSIS_COMPLETE,SEQUENCING_STARTED; joint deviation",QE-000475,RR-2025-07-28A,2024-05-10T01:00:41Z,QA_01
CASE_00002383,DELAY,stage SEQUENCING_STARTED; duration 4.6x class median,QE-000476,RR-2025-07-28A,2026-02-08T09:56:11Z,QA_03
CASE_00002387,REWORK,stage ANALYSIS_COMPLETE; repeated events (2),QE-000477,RR-2025-07-28A,2024-07-29T18:10:39Z,QA_03
CASE_00002390,REWORK,stage ANALYSIS_COMPLETE; repeated events (2),QE-000478,RR-2025-07-28A,2024-05-22T12:58:20Z,QA_02
CASE_00002391,DELAY,stage SEQUENCING_STARTED; duration 5.2x class median,QE-000479,RR-2025-07-28A,2025-03-11T07:17:25Z,QA_03
CASE_00002393,DELAY,stage ANALYSIS_COMPLETE; manual case review of queue log; timestamps diffuse,QE-000480,RR-2025-07-28A,2025-08-22T14:53:48Z,QA_01
CASE_00002395,REWORK,stage ACCESSIONED; repeated events (2),QE-000481,RR-2025-07-28A,2025-03-09T11:48:55Z,QA_03
CASE_00002403,DELAY,"stages ANALYSIS_COMPLETE,LIBRARY_PREPARED; joint deviation",QE-000482,RR-2025-07-28A,2025-10-11T20:45:24Z,QA_03
CASE_00002404,DELAY,stage SEQUENCING_STARTED; manual case review of queue log; timestamps diffuse,QE-000483,RR-2025-07-28A,2025-07-13T08:37:37Z,QA_04
CASE_00002406,REWORK,stage RELEASED; repeated events (2),QE-000484,RR-2025-07-28A,2025-02-22T01:03:17Z,QA_02
CASE_00002408,DELAY,stage LIBRARY_PREPARED; manual case review of queue log; timestamps diffuse,QE-000485,RR-2025-07-28A,2025-05-30T03:31:17Z,QA_04
CASE_00002409,DELAY,stage SEQUENCING_STARTED; duration 5.0x class median,QE-000486,RR-2025-07-28A,2025-03-12T15:59:29Z,QA_01
CASE_00002410,DELAY,"stages ANALYSIS_COMPLETE,SEQUENCING_STARTED; joint deviation",QE-000487,RR-2025-07-28A,2025-01-28T06:31:27Z,QA_02
CASE_00002412,DELAY,stage LIBRARY_PREPARED; manual case review of queue log; timestamps diffuse,QE-000488,RR-2025-07-28A,2026-05-22T20:56:28Z,QA_04
CASE_00002417,REWORK,stage REVIEWED; repeated events (2),QE-000489,RR-2025-07-28A,2025-10-03T21:28:56Z,QA_01
CASE_00002420,DELAY,stage SEQUENCING_STARTED; duration 5.0x class median,QE-000490,RR-2025-07-28A,2026-02-22T04:16:40Z,QA_04
CASE_00002424,REWORK,stage RELEASED; repeated events (2),QE-000491,RR-2025-07-28A,2025-01-20T22:54:44Z,QA_04
CASE_00002435,DELAY,stage SEQUENCING_STARTED; duration 5.3x class median,QE-000492,RR-2025-07-28A,2024-03-05T23:40:44Z,QA_03
CASE_00002439,REWORK,stage SAMPLE_RECEIVED; repeated events (2),QE-000493,RR-2025-07-28A,2025-01-23T22:58:01Z,QA_03
CASE_00002443,DELAY,stage SEQUENCING_STARTED; duration 4.5x class median,QE-000494,RR-2025-07-28A,2025-05-06T11:51:17Z,QA_03
CASE_00002445,REWORK,stage RELEASED; repeated events (2),QE-000495,RR-2025-07-28A,2024-08-21T13:55:36Z,QA_01
CASE_00002451,REWORK,stage ACCESSIONED; repeated events (2),QE-000496,RR-2025-07-28A,2026-04-03T03:05:10Z,QA_03
CASE_00002452,DELAY,stage LIBRARY_PREPARED; duration 5.3x class median,QE-000497,RR-2025-07-28A,2026-02-24T01:09:35Z,QA_04
CASE_00002453,DELAY,"stages ANALYSIS_COMPLETE,SEQUENCING_STARTED; joint deviation",QE-000498,RR-2025-07-28A,2025-06-25T20:54:25Z,QA_01
CASE_00002471,REWORK,stage RELEASED; repeated events (2),QE-000499,RR-2025-07-28A,2024-10-28T14:29:42Z,QA_03
CASE_00002477,DELAY,stage LIBRARY_PREPARED; manual case review of queue log; timestamps diffuse,QE-000500,RR-2025-07-28A,2025-01-02T13:07:17Z,QA_01
CASE_00002480,DELAY,stage SEQUENCING_STARTED; duration 5.1x class median,QE-000501,RR-2025-07-28A,2025-02-19T10:28:54Z,QA_04
CASE_00002481,REWORK,stage ANALYSIS_COMPLETE; repeated events (2),QE-000502,RR-2025-07-28A,2024-05-04T04:09:56Z,QA_01
CASE_00002487,REWORK,stage SAMPLE_RECEIVED; repeated events (2),QE-000503,RR-2025-07-28A,2025-03-31T06:25:47Z,QA_03
CASE_00002489,DELAY,stage LIBRARY_PREPARED; duration 4.5x class median,QE-000504,RR-2025-07-28A,2026-05-02T16:09:01Z,QA_01
CASE_00002494,DELAY,stage ACCESSIONED; manual case review of queue log; timestamps diffuse,QE-000505,RR-2025-07-28A,2025-12-10T09:05:20Z,QA_02
CASE_00002497,REWORK,stage ANALYSIS_COMPLETE; repeated events (2),QE-000506,RR-2025-07-28A,2024-05-31T01:19:22Z,QA_01
CASE_00002498,DELAY,stage LIBRARY_PREPARED; duration 4.7x class median,QE-000507,RR-2025-07-28A,2026-06-10T23:56:40Z,QA_02
CASE_00002500,DELAY,stage SEQUENCING_STARTED; manual case review of queue log; timestamps diffuse,QE-000508,RR-2025-07-28A,2025-04-30T07:02:25Z,QA_04
CASE_00002501,DELAY,stage ACCESSIONED; manual case review of queue log; timestamps diffuse,QE-000509,RR-2025-07-28A,2025-01-22T03:35:52Z,QA_01
CASE_00002522,DELAY,stage ACCESSIONED; manual case review of queue log; timestamps diffuse,QE-000510,RR-2025-07-28A,2026-01-01T02:57:19Z,QA_02
CASE_00002525,DELAY,stage SEQUENCING_STARTED; duration 4.6x class median,QE-000511,RR-2025-07-28A,2024-04-03T01:33:44Z,QA_01
CASE_00002527,DELAY,stage SEQUENCING_STARTED; duration 5.3x class median,QE-000512,RR-2025-07-28A,2024-04-23T21:32:25Z,QA_03
CASE_00002531,DELAY,stage ACCESSIONED; manual case review of queue log; timestamps diffuse,QE-000513,RR-2025-07-28A,2024-06-15T16:01:41Z,QA_03
CASE_00002532,DELAY,stage SAMPLE_RECEIVED; manual case review of queue log; timestamps diffuse,QE-000514,RR-2025-07-28A,2024-09-23T13:17:49Z,QA_04
CASE_00002534,DELAY,stage LIBRARY_PREPARED; manual case review of queue log; timestamps diffuse,QE-000515,RR-2025-07-28A,2026-04-09T09:49:20Z,QA_02
CASE_00002537,DELAY,stage RELEASED; manual case review of queue log; timestamps diffuse,QE-000516,RR-2025-07-28A,2025-02-22T19:51:24Z,QA_01
CASE_00002542,DELAY,stage REVIEWED; manual case review of queue log; timestamps diffuse,QE-000517,RR-2025-07-28A,2026-03-01T09:49:30Z,QA_02
CASE_00002544,DELAY,"stages LIBRARY_PREPARED,SEQUENCING_STARTED; joint deviation",QE-000518,RR-2025-07-28A,2025-06-09T13:11:27Z,QA_04
CASE_00002548,DELAY,stage ANALYSIS_COMPLETE; duration 4.8x class median,QE-000519,RR-2025-07-28A,2025-06-29T23:08:58Z,QA_04
CASE_00002549,DELAY,stage LIBRARY_PREPARED; duration 4.9x class median,QE-000520,RR-2025-07-28A,2026-04-09T20:50:32Z,QA_01
CASE_00002550,REWORK,stage LIBRARY_PREPARED; repeated events (2),QE-000521,RR-2025-07-28A,2025-04-07T07:40:11Z,QA_02
CASE_00002555,DELAY,stage SEQUENCING_STARTED; duration 4.6x class median,QE-000522,RR-2025-07-28A,2026-06-09T13:19:31Z,QA_03
CASE_00002567,DELAY,stage LIBRARY_PREPARED; duration 4.6x class median,QE-000523,RR-2025-07-28A,2025-04-04T12:35:49Z,QA_03
CASE_00002574,DELAY,stage SEQUENCING_STARTED; duration 5.4x class median,QE-000524,RR-2025-07-28A,2025-07-22T08:22:46Z,QA_02
CASE_00002580,DELAY,"stages ANALYSIS_COMPLETE,SEQUENCING_STARTED; joint deviation",QE-000525,RR-2025-07-28A,2024-08-08T09:18:12Z,QA_04
CASE_00002585,REWORK,stage SAMPLE_RECEIVED; repeated events (2),QE-000526,RR-2025-07-28A,2025-05-26T01:24:22Z,QA_01
CASE_00002597,DELAY,stage ANALYSIS_COMPLETE; manual case review of queue log; timestamps diffuse,QE-000527,RR-2025-07-28A,2025-12-23T19:29:21Z,QA_01
CASE_00002614,REWORK,stage RELEASED; repeated events (2),QE-000528,RR-2025-07-28A,2024-03-16T16:26:12Z,QA_02
CASE_00002622,DELAY,stage ACCESSIONED; manual case review of queue log; timestamps diffuse,QE-000529,RR-2025-07-28A,2026-01-27T12:37:53Z,QA_02
CASE_00002624,REWORK,stage LIBRARY_PREPARED; repeated events (2),QE-000530,RR-2025-07-28A,2026-04-24T07:45:34Z,QA_04
CASE_00002626,DELAY,"stages LIBRARY_PREPARED,SEQUENCING_STARTED; joint deviation",QE-000531,RR-2025-07-28A,2025-11-08T03:37:02Z,QA_02
CASE_00002628,REWORK,stage SAMPLE_RECEIVED; repeated events (2),QE-000532,RR-2025-07-28A,2026-06-06T00:18:06Z,QA_04
CASE_00002631,REWORK,stage ACCESSIONED; repeated events (2),QE-000533,RR-2025-07-28A,2025-11-07T14:45:08Z,QA_03
CASE_00002633,REWORK,stage RELEASED; repeated events (2),QE-000534,RR-2025-07-28A,2026-06-29T00:00:00Z,QA_01
CASE_00002635,DELAY,stage ANALYSIS_COMPLETE; manual case review of queue log; timestamps diffuse,QE-000535,RR-2025-07-28A,2024-02-25T11:19:45Z,QA_03
CASE_00002637,DELAY,stage RELEASED; manual case review of queue log; timestamps diffuse,QE-000536,RR-2025-07-28A,2025-05-12T22:07:01Z,QA_01
CASE_00002639,DELAY,"stages ANALYSIS_COMPLETE,LIBRARY_PREPARED; joint deviation",QE-000537,RR-2025-07-28A,2025-11-19T22:05:24Z,QA_03
CASE_00002655,DELAY,stage REVIEWED; manual case review of queue log; timestamps diffuse,QE-000538,RR-2025-07-28A,2026-06-18T01:09:59Z,QA_03
CASE_00002656,REWORK,stage LIBRARY_PREPARED; repeated events (2),QE-000539,RR-2025-07-28A,2026-06-04T15:32:50Z,QA_04
CASE_00002664,DELAY,stage RELEASED; manual case review of queue log; timestamps diffuse,QE-000540,RR-2025-07-28A,2025-07-08T21:04:14Z,QA_04
CASE_00002665,REWORK,stage SAMPLE_RECEIVED; repeated events (2),QE-000541,RR-2025-07-28A,2026-02-11T10:14:58Z,QA_01
CASE_00002669,REWORK,stage REVIEWED; repeated events (2),QE-000542,RR-2025-07-28A,2024-09-18T06:51:22Z,QA_01
CASE_00002674,DELAY,stage LIBRARY_PREPARED; duration 5.0x class median,QE-000543,RR-2025-07-28A,2024-07-08T11:39:50Z,QA_02
CASE_00002683,DELAY,"stages ANALYSIS_COMPLETE,LIBRARY_PREPARED; joint deviation",QE-000544,RR-2025-07-28A,2025-12-12T14:56:35Z,QA_03
CASE_00002686,DELAY,stage REVIEWED; manual case review of queue log; timestamps diffuse,QE-000545,RR-2025-07-28A,2024-08-21T18:43:18Z,QA_02
CASE_00002693,REWORK,stage REVIEWED; repeated events (2),QE-000546,RR-2025-07-28A,2026-03-22T09:22:50Z,QA_01
CASE_00002719,DELAY,stage RELEASED; manual case review of queue log; timestamps diffuse,QE-000547,RR-2025-07-28A,2024-11-16T22:29:06Z,QA_03
CASE_00002723,REWORK,stage ANALYSIS_COMPLETE; repeated events (2),QE-000548,RR-2025-07-28A,2024-02-14T16:15:55Z,QA_03
CASE_00002726,DELAY,stage ANALYSIS_COMPLETE; duration 5.0x class median,QE-000549,RR-2025-07-28A,2024-05-20T11:59:22Z,QA_02
CASE_00002732,DELAY,"stages ANALYSIS_COMPLETE,LIBRARY_PREPARED; joint deviation",QE-000550,RR-2025-07-28A,2025-02-26T11:39:50Z,QA_04
CASE_00002745,REWORK,stage RELEASED; repeated events (2),QE-000551,RR-2025-07-28A,2026-02-16T06:01:32Z,QA_01
CASE_00002751,REWORK,stage ACCESSIONED; repeated events (2),QE-000552,RR-2025-07-28A,2025-05-29T06:20:36Z,QA_03
CASE_00002753,DELAY,"stages ANALYSIS_COMPLETE,LIBRARY_PREPARED; joint deviation",QE-000553,RR-2025-07-28A,2024-10-13T13:16:32Z,QA_01
CASE_00002757,REWORK,stage REVIEWED; repeated events (2),QE-000554,RR-2025-07-28A,2024-07-20T03:57:52Z,QA_01
CASE_00002760,DELAY,stage RELEASED; manual case review of queue log; timestamps diffuse,QE-000555,RR-2025-07-28A,2024-09-02T04:31:36Z,QA_04
CASE_00002765,REWORK,stage SAMPLE_RECEIVED; repeated events (2),QE-000556,RR-2025-07-28A,2026-05-31T23:12:03Z,QA_01
CASE_00002766,DELAY,stage LIBRARY_PREPARED; manual case review of queue log; timestamps diffuse,QE-000557,RR-2025-07-28A,2025-04-13T05:42:52Z,QA_02
CASE_00002767,DELAY,stage SAMPLE_RECEIVED; manual case review of queue log; timestamps diffuse,QE-000558,RR-2025-07-28A,2026-04-16T02:51:32Z,QA_03
CASE_00002769,DELAY,stage LIBRARY_PREPARED; manual case review of queue log; timestamps diffuse,QE-000559,RR-2025-07-28A,2025-09-06T01:32:23Z,QA_01
CASE_00002778,DELAY,stage LIBRARY_PREPARED; duration 4.7x class median,QE-000560,RR-2025-07-28A,2024-11-08T13:13:04Z,QA_02
CASE_00002793,REWORK,stage LIBRARY_PREPARED; repeated events (2),QE-000561,RR-2025-07-28A,2024-10-06T16:21:52Z,QA_01
CASE_00002801,DELAY,stage LIBRARY_PREPARED; duration 5.1x class median,QE-000562,RR-2025-07-28A,2025-02-23T05:19:30Z,QA_01
CASE_00002806,REWORK,stage LIBRARY_PREPARED; repeated events (2),QE-000563,RR-2025-07-28A,2024-12-01T14:51:22Z,QA_02
CASE_00002807,DELAY,stage LIBRARY_PREPARED; duration 5.0x class median,QE-000564,RR-2025-07-28A,2024-03-17T20:07:54Z,QA_03
CASE_00002809,DELAY,stage RELEASED; manual case review of queue log; timestamps diffuse,QE-000565,RR-2025-07-28A,2026-02-22T16:03:55Z,QA_01
CASE_00002810,DELAY,"stages ANALYSIS_COMPLETE,SEQUENCING_STARTED; joint deviation",QE-000566,RR-2025-07-28A,2025-06-23T11:24:28Z,QA_02
CASE_00002821,DELAY,stage SEQUENCING_STARTED; duration 4.8x class median,QE-000567,RR-2025-07-28A,2025-12-17T13:42:12Z,QA_01
CASE_00002833,REWORK,stage ANALYSIS_COMPLETE; repeated events (2),QE-000568,RR-2025-07-28A,2024-12-10T10:24:07Z,QA_01
CASE_00002841,DELAY,"stages ANALYSIS_COMPLETE,LIBRARY_PREPARED; joint deviation",QE-000569,RR-2025-07-28A,2024-06-20T09:35:32Z,QA_01
CASE_00002847,REWORK,stage LIBRARY_PREPARED; repeated events (2),QE-000570,RR-2025-07-28A,2024-06-23T02:23:04Z,QA_03
CASE_00002853,REWORK,stage RELEASED; repeated events (2),QE-000571,RR-2025-07-28A,2026-05-08T01:13:01Z,QA_01
CASE_00002858,DELAY,stage REVIEWED; manual case review of queue log; timestamps diffuse,QE-000572,RR-2025-07-28A,2025-10-30T01:36:23Z,QA_02
CASE_00002859,DELAY,stage LIBRARY_PREPARED; duration 4.7x class median,QE-000573,RR-2025-07-28A,2024-06-25T13:50:58Z,QA_03
CASE_00002860,DELAY,stage SEQUENCING_STARTED; duration 4.7x class median,QE-000574,RR-2025-07-28A,2025-04-18T22:25:12Z,QA_04
CASE_00002862,DELAY,stage ACCESSIONED; manual case review of queue log; timestamps diffuse,QE-000575,RR-2025-07-28A,2024-10-21T02:23:11Z,QA_02
CASE_00002867,DELAY,stage RELEASED; manual case review of queue log; timestamps diffuse,QE-000576,RR-2025-07-28A,2025-04-26T10:44:53Z,QA_03
CASE_00002869,DELAY,"stages ANALYSIS_COMPLETE,SEQUENCING_STARTED; joint deviation",QE-000577,RR-2025-07-28A,2026-06-16T00:20:53Z,QA_01
CASE_00002874,REWORK,stage ANALYSIS_COMPLETE; repeated events (2),QE-000578,RR-2025-07-28A,2025-02-05T22:11:21Z,QA_02
CASE_00002880,DELAY,stage LIBRARY_PREPARED; duration 5.4x class median,QE-000579,RR-2025-07-28A,2026-06-29T00:00:00Z,QA_04
CASE_00002882,DELAY,stage SEQUENCING_STARTED; manual case review of queue log; timestamps diffuse,QE-000580,RR-2025-07-28A,2025-05-20T14:10:38Z,QA_02
CASE_00002886,REWORK,stage RELEASED; repeated events (2),QE-000581,RR-2025-07-28A,2024-03-23T16:47:48Z,QA_02
CASE_00002887,DELAY,stage SEQUENCING_STARTED; manual case review of queue log; timestamps diffuse,QE-000582,RR-2025-07-28A,2024-05-17T10:33:55Z,QA_03
CASE_00002889,REWORK,stage ACCESSIONED; repeated events (2),QE-000583,RR-2025-07-28A,2025-05-13T18:25:24Z,QA_01
CASE_00002891,DELAY,"stages LIBRARY_PREPARED,SEQUENCING_STARTED; joint deviation",QE-000584,RR-2025-07-28A,2024-11-30T13:49:16Z,QA_03
CASE_00002894,DELAY,"stages ANALYSIS_COMPLETE,LIBRARY_PREPARED; joint deviation",QE-000585,RR-2025-07-28A,2025-02-10T22:49:49Z,QA_02
CASE_00002895,DELAY,"stages ANALYSIS_COMPLETE,SEQUENCING_STARTED; joint deviation",QE-000586,RR-2025-07-28A,2024-03-09T01:56:16Z,QA_03
CASE_00002896,DELAY,"stages LIBRARY_PREPARED,SEQUENCING_STARTED; joint deviation",QE-000587,RR-2025-07-28A,2026-03-09T16:29:12Z,QA_04
CASE_00002904,DELAY,stage REVIEWED; manual case review of queue log; timestamps diffuse,QE-000588,RR-2025-07-28A,2024-04-22T16:50:27Z,QA_04
CASE_00002922,REWORK,stage REVIEWED; repeated events (2),QE-000589,RR-2025-07-28A,2024-12-05T22:14:44Z,QA_02
CASE_00002930,DELAY,stage SEQUENCING_STARTED; duration 4.7x class median,QE-000590,RR-2025-07-28A,2024-05-16T04:55:58Z,QA_02
CASE_00002931,REWORK,stage SAMPLE_RECEIVED; repeated events (2),QE-000591,RR-2025-07-28A,2026-02-07T22:21:51Z,QA_03
CASE_00002932,REWORK,stage ACCESSIONED; repeated events (2),QE-000592,RR-2025-07-28A,2024-04-16T19:48:22Z,QA_04
CASE_00002936,REWORK,stage LIBRARY_PREPARED; repeated events (2),QE-000593,RR-2025-07-28A,2024-02-17T04:15:08Z,QA_04
CASE_00002944,DELAY,"stages ANALYSIS_COMPLETE,LIBRARY_PREPARED; joint deviation",QE-000594,RR-2025-07-28A,2025-07-29T05:52:28Z,QA_04
CASE_00002945,DELAY,stage ANALYSIS_COMPLETE; duration 5.1x class median,QE-000595,RR-2025-07-28A,2026-04-09T20:01:41Z,QA_01
CASE_00002946,REWORK,stage ANALYSIS_COMPLETE; repeated events (2),QE-000596,RR-2025-07-28A,2025-11-30T01:24:35Z,QA_02
CASE_00002955,DELAY,stage SEQUENCING_STARTED; duration 5.3x class median,QE-000597,RR-2025-07-28A,2026-04-24T21:39:25Z,QA_03
CASE_00002956,REWORK,stage REVIEWED; repeated events (2),QE-000598,RR-2025-07-28A,2024-12-18T04:17:39Z,QA_04
CASE_00002958,REWORK,stage ANALYSIS_COMPLETE; repeated events (2),QE-000599,RR-2025-07-28A,2024-06-05T17:15:28Z,QA_02
CASE_00002960,DELAY,"stages ANALYSIS_COMPLETE,LIBRARY_PREPARED; joint deviation",QE-000600,RR-2025-07-28A,2026-01-25T02:20:49Z,QA_04
CASE_00002970,REWORK,stage RELEASED; repeated events (2),QE-000601,RR-2025-07-28A,2025-12-30T21:01:05Z,QA_02
CASE_00002977,DELAY,stage REVIEWED; manual case review of queue log; timestamps diffuse,QE-000602,RR-2025-07-28A,2024-12-16T22:41:08Z,QA_01
CASE_00002979,DELAY,stage SEQUENCING_STARTED; duration 4.8x class median,QE-000603,RR-2025-07-28A,2024-04-24T22:07:28Z,QA_03
CASE_00002996,REWORK,stage RELEASED; repeated events (2),QE-000604,RR-2025-07-28A,2024-11-28T14:23:14Z,QA_04
CASE_00002999,REWORK,stage ANALYSIS_COMPLETE; repeated events (2),QE-000605,RR-2025-07-28A,2025-02-07T23:45:23Z,QA_03
CASE_00003017,REWORK,stage ACCESSIONED; repeated events (2),QE-000606,RR-2025-07-28A,2025-05-24T06:58:45Z,QA_01
CASE_00003018,DELAY,"stages ANALYSIS_COMPLETE,SEQUENCING_STARTED; joint deviation",QE-000607,RR-2025-07-28A,2025-06-29T00:33:53Z,QA_02
CASE_00003021,REWORK,stage ACCESSIONED; repeated events (2),QE-000608,RR-2025-07-28A,2025-09-13T20:48:38Z,QA_01
CASE_00003024,DELAY,stage REVIEWED; manual case review of queue log; timestamps diffuse,QE-000609,RR-2025-07-28A,2025-02-10T07:07:22Z,QA_04
CASE_00003025,DELAY,"stages LIBRARY_PREPARED,SEQUENCING_STARTED; joint deviation",QE-000610,RR-2025-07-28A,2024-02-29T22:57:14Z,QA_01
CASE_00003035,DELAY,stage RELEASED; manual case review of queue log; timestamps diffuse,QE-000611,RR-2025-07-28A,2026-01-07T23:49:51Z,QA_03
CASE_00003037,REWORK,stage SAMPLE_RECEIVED; repeated events (2),QE-000612,RR-2025-07-28A,2025-06-08T13:57:36Z,QA_01
CASE_00003045,DELAY,stage ANALYSIS_COMPLETE; duration 4.8x class median,QE-000613,RR-2025-07-28A,2024-12-10T16:38:22Z,QA_01
CASE_00003046,DELAY,stage ANALYSIS_COMPLETE; duration 5.2x class median,QE-000614,RR-2025-07-28A,2025-03-20T22:30:54Z,QA_02
CASE_00003047,DELAY,stage LIBRARY_PREPARED; duration 4.8x class median,QE-000615,RR-2025-07-28A,2025-10-10T02:40:37Z,QA_03
CASE_00003049,DELAY,stage ANALYSIS_COMPLETE; duration 4.7x class median,QE-000616,RR-2025-07-28A,2024-12-02T21:43:21Z,QA_01
CASE_00003057,DELAY,"stages ANALYSIS_COMPLETE,SEQUENCING_STARTED; joint deviation",QE-000617,RR-2025-07-28A,2025-05-23T05:56:40Z,QA_01
CASE_00003058,REWORK,stage ACCESSIONED; repeated events (2),QE-000618,RR-2025-07-28A,2024-05-13T02:24:51Z,QA_02
CASE_00003061,REWORK,stage ACCESSIONED; repeated events (2),QE-000619,RR-2025-07-28A,2025-06-04T04:07:59Z,QA_01
CASE_00003066,DELAY,stage ACCESSIONED; manual case review of queue log; timestamps diffuse,QE-000620,RR-2025-07-28A,2026-03-05T07:34:58Z,QA_02
CASE_00003069,DELAY,stage ANALYSIS_COMPLETE; manual case review of queue log; timestamps diffuse,QE-000621,RR-2025-07-28A,2026-05-21T19:42:17Z,QA_01
CASE_00003074,REWORK,stage LIBRARY_PREPARED; repeated events (2),QE-000622,RR-2025-07-28A,2024-04-21T06:09:20Z,QA_02
CASE_00003077,REWORK,stage SAMPLE_RECEIVED; repeated events (2),QE-000623,RR-2025-07-28A,2025-07-22T08:47:05Z,QA_01
CASE_00003091,REWORK,stage SAMPLE_RECEIVED; repeated events (2),QE-000624,RR-2025-07-28A,2025-10-25T13:50:36Z,QA_03
CASE_00003093,DELAY,stage LIBRARY_PREPARED; duration 4.9x class median,QE-000625,RR-2025-07-28A,2026-01-22T00:50:35Z,QA_01
CASE_00003102,DELAY,"stages LIBRARY_PREPARED,SEQUENCING_STARTED; joint deviation",QE-000626,RR-2025-07-28A,2026-01-12T01:12:07Z,QA_02
CASE_00003112,DELAY,stage LIBRARY_PREPARED; duration 5.2x class median,QE-000627,RR-2025-07-28A,2026-04-25T19:27:11Z,QA_04
CASE_00003122,REWORK,stage ACCESSIONED; repeated events (2),QE-000628,RR-2025-07-28A,2025-02-08T12:01:21Z,QA_02
CASE_00003128,DELAY,stage LIBRARY_PREPARED; duration 4.9x class median,QE-000629,RR-2025-07-28A,2025-06-04T16:57:42Z,QA_04
CASE_00003138,DELAY,stage LIBRARY_PREPARED; duration 5.2x class median,QE-000630,RR-2025-07-28A,2025-09-16T02:04:46Z,QA_02
CASE_00003158,DELAY,stage ANALYSIS_COMPLETE; duration 5.0x class median,QE-000631,RR-2025-07-28A,2025-03-15T23:55:56Z,QA_02
CASE_00003167,DELAY,"stages LIBRARY_PREPARED,SEQUENCING_STARTED; joint deviation",QE-000632,RR-2025-07-28A,2026-03-02T15:30:07Z,QA_03
CASE_00003173,DELAY,stage SEQUENCING_STARTED; duration 5.3x class median,QE-000633,RR-2025-07-28A,2025-05-21T04:22:04Z,QA_01
CASE_00003178,REWORK,stage LIBRARY_PREPARED; repeated events (2),QE-000634,RR-2025-07-28A,2026-01-28T23:41:36Z,QA_02
CASE_00003180,REWORK,stage ACCESSIONED; repeated events (2),QE-000635,RR-2025-07-28A,2025-05-10T13:12:27Z,QA_04
CASE_00003184,DELAY,stage ACCESSIONED; manual case review of queue log; timestamps diffuse,QE-000636,RR-2025-07-28A,2024-10-05T15:26:51Z,QA_04
CASE_00003186,REWORK,stage REVIEWED; repeated events (2),QE-000637,RR-2025-07-28A,2025-09-17T08:43:19Z,QA_02
CASE_00003190,REWORK,stage ANALYSIS_COMPLETE; repeated events (2),QE-000638,RR-2025-07-28A,2024-03-03T14:32:35Z,QA_02
CASE_00003196,REWORK,stage SEQUENCING_STARTED; repeated events (2),QE-000639,RR-2025-07-28A,2024-11-20T08:23:18Z,QA_04
CASE_00003201,DELAY,"stages ANALYSIS_COMPLETE,SEQUENCING_STARTED; joint deviation",QE-000640,RR-2025-07-28A,2024-04-07T20:18:55Z,QA_01
CASE_00003202,DELAY,stage LIBRARY_PREPARED; manual case review of queue log; timestamps diffuse,QE-000641,RR-2025-07-28A,2025-10-29T00:04:55Z,QA_02
CASE_00003205,REWORK,stage RELEASED; repeated events (2),QE-000642,RR-2025-07-28A,2026-05-21T10:39:43Z,QA_01
CASE_00003206,DELAY,stage REVIEWED; manual case review of queue log; timestamps diffuse,QE-000643,RR-2025-07-28A,2024-02-23T00:24:34Z,QA_02
CASE_00003216,REWORK,stage SEQUENCING_STARTED; repeated events (2),QE-000644,RR-2025-07-28A,2024-05-11T15:17:17Z,QA_04
CASE_00003217,REWORK,stage ACCESSIONED; repeated events (2),QE-000645,RR-2025-07-28A,2025-04-06T23:55:53Z,QA_01
CASE_00003223,DELAY,stage LIBRARY_PREPARED; duration 4.8x class median,QE-000646,RR-2025-07-28A,2025-03-12T02:44:38Z,QA_03
CASE_00003226,DELAY,"stages ANALYSIS_COMPLETE,SEQUENCING_STARTED; joint deviation",QE-000647,RR-2025-07-28A,2025-06-19T00:00:27Z,QA_02
CASE_00003227,DELAY,stage RELEASED; manual case review of queue log; timestamps diffuse,QE-000648,RR-2025-07-28A,2026-04-05T16:22:29Z,QA_03
CASE_00003230,DELAY,"stages LIBRARY_PREPARED,SEQUENCING_STARTED; joint deviation",QE-000649,RR-2025-07-28A,2026-03-13T16:31:09Z,QA_02
CASE_00003243,REWORK,stage RELEASED; repeated events (2),QE-000650,RR-2025-07-28A,2025-01-09T18:39:09Z,QA_03
CASE_00003245,DELAY,stage SEQUENCING_STARTED; manual case review of queue log; timestamps diffuse,QE-000651,RR-2025-07-28A,2025-04-03T19:09:29Z,QA_01
CASE_00003249,REWORK,stage REVIEWED; repeated events (2),QE-000652,RR-2025-07-28A,2026-06-14T13:11:10Z,QA_01
CASE_00003258,REWORK,stage RELEASED; repeated events (2),QE-000653,RR-2025-07-28A,2025-05-22T12:44:38Z,QA_02
CASE_00003260,DELAY,"stages LIBRARY_PREPARED,SEQUENCING_STARTED; joint deviation",QE-000654,RR-2025-07-28A,2025-12-18T21:08:29Z,QA_04
CASE_00003270,DELAY,"stages ANALYSIS_COMPLETE,LIBRARY_PREPARED; joint deviation",QE-000655,RR-2025-07-28A,2024-03-15T01:50:17Z,QA_02
CASE_00003272,DELAY,"stages ANALYSIS_COMPLETE,SEQUENCING_STARTED; joint deviation",QE-000656,RR-2025-07-28A,2026-06-14T21:37:15Z,QA_04
CASE_00003277,DELAY,"stages ANALYSIS_COMPLETE,LIBRARY_PREPARED; joint deviation",QE-000657,RR-2025-07-28A,2025-02-16T07:00:46Z,QA_01
CASE_00003281,DELAY,stage SEQUENCING_STARTED; duration 5.2x class median,QE-000658,RR-2025-07-28A,2025-07-30T03:34:12Z,QA_01
CASE_00003283,DELAY,"stages ANALYSIS_COMPLETE,LIBRARY_PREPARED; joint deviation",QE-000659,RR-2025-07-28A,2024-04-28T05:38:19Z,QA_03
CASE_00003285,DELAY,stage ANALYSIS_COMPLETE; duration 4.9x class median,QE-000660,RR-2025-07-28A,2026-04-12T05:17:28Z,QA_01
CASE_00003288,DELAY,"stages ANALYSIS_COMPLETE,SEQUENCING_STARTED; joint deviation",QE-000661,RR-2025-07-28A,2025-08-24T01:29:24Z,QA_04
CASE_00003292,DELAY,stage LIBRARY_PREPARED; duration 4.7x class median,QE-000662,RR-2025-07-28A,2025-04-22T22:17:50Z,QA_04
CASE_00003300,DELAY,stage SEQUENCING_STARTED; duration 4.7x class median,QE-000663,RR-2025-07-28A,2024-04-06T21:48:25Z,QA_04
CASE_00003305,DELAY,stage LIBRARY_PREPARED; manual case review of queue log; timestamps diffuse,QE-000664,RR-2025-07-28A,2025-02-06T18:24:01Z,QA_01
CASE_00003307,DELAY,stage SEQUENCING_STARTED; duration 5.3x class median,QE-000665,RR-2025-07-28A,2025-06-01T12:33:54Z,QA_03
CASE_00003324,REWORK,stage LIBRARY_PREPARED; repeated events (2),QE-000666,RR-2025-07-28A,2024-08-09T11:51:48Z,QA_04
CASE_00003326,DELAY,stage SAMPLE_RECEIVED; manual case review of queue log; timestamps diffuse,QE-000667,RR-2025-07-28A,2024-05-07T03:57:16Z,QA_02
CASE_00003329,DELAY,stage SEQUENCING_STARTED; manual case review of queue log; timestamps diffuse,QE-000668,RR-2025-07-28A,2024-03-29T17:50:00Z,QA_01
CASE_00003333,REWORK,stage REVIEWED; repeated events (2),QE-000669,RR-2025-07-28A,2026-02-03T19:21:29Z,QA_01
CASE_00003337,DELAY,stage SEQUENCING_STARTED; duration 4.6x class median,QE-000670,RR-2025-07-28A,2025-05-29T00:15:50Z,QA_01
CASE_00003339,REWORK,stage SAMPLE_RECEIVED; repeated events (2),QE-000671,RR-2025-07-28A,2025-11-05T20:15:05Z,QA_03
CASE_00003343,REWORK,stage REVIEWED; repeated events (2),QE-000672,RR-2025-07-28A,2025-09-05T08:54:09Z,QA_03
CASE_00003347,DELAY,stage RELEASED; manual case review of queue log; timestamps diffuse,QE-000673,RR-2025-07-28A,2024-10-29T06:24:36Z,QA_03
CASE_00003348,DELAY,stage REVIEWED; manual case review of queue log; timestamps diffuse,QE-000674,RR-2025-07-28A,2025-02-07T07:03:04Z,QA_04
CASE_00003355,DELAY,stage RELEASED; manual case review of queue log; timestamps diffuse,QE-000675,RR-2025-07-28A,2026-04-28T12:18:54Z,QA_03
CASE_00003357,REWORK,stage ACCESSIONED; repeated events (2),QE-000676,RR-2025-07-28A,2025-02-14T11:55:15Z,QA_01
CASE_00003362,DELAY,stage LIBRARY_PREPARED; duration 5.4x class median,QE-000677,RR-2025-07-28A,2026-03-24T20:14:58Z,QA_02
CASE_00003369,DELAY,stage SEQUENCING_STARTED; duration 4.8x class median,QE-000678,RR-2025-07-28A,2026-02-06T22:17:09Z,QA_01
CASE_00003372,DELAY,"stages ANALYSIS_COMPLETE,LIBRARY_PREPARED; joint deviation",QE-000679,RR-2025-07-28A,2024-09-09T05:46:01Z,QA_04
CASE_00003373,DELAY,stage SAMPLE_RECEIVED; manual case review of queue log; timestamps diffuse,QE-000680,RR-2025-07-28A,2025-05-25T01:51:07Z,QA_01
CASE_00003380,REWORK,stage ANALYSIS_COMPLETE; repeated events (2),QE-000681,RR-2025-07-28A,2026-05-26T18:20:05Z,QA_04
CASE_00003393,REWORK,stage SAMPLE_RECEIVED; repeated events (2),QE-000682,RR-2025-07-28A,2026-01-29T03:16:04Z,QA_01
CASE_00003395,DELAY,"stages ANALYSIS_COMPLETE,LIBRARY_PREPARED; joint deviation",QE-000683,RR-2025-07-28A,2024-09-02T12:56:51Z,QA_03
CASE_00003397,REWORK,stage REVIEWED; repeated events (2),QE-000684,RR-2025-07-28A,2024-09-16T00:11:53Z,QA_01
CASE_00003398,REWORK,stage REVIEWED; repeated events (2),QE-000685,RR-2025-07-28A,2025-04-19T17:50:45Z,QA_02
CASE_00003400,REWORK,stage REVIEWED; repeated events (2),QE-000686,RR-2025-07-28A,2024-10-20T09:35:07Z,QA_04
CASE_00003403,REWORK,stage LIBRARY_PREPARED; repeated events (2),QE-000687,RR-2025-07-28A,2026-04-21T22:56:33Z,QA_03
CASE_00003406,REWORK,stage SAMPLE_RECEIVED; repeated events (2),QE-000688,RR-2025-07-28A,2024-07-13T01:38:40Z,QA_02
CASE_00003409,DELAY,stage RELEASED; manual case review of queue log; timestamps diffuse,QE-000689,RR-2025-07-28A,2026-04-12T17:13:28Z,QA_01
CASE_00003413,DELAY,stage SEQUENCING_STARTED; duration 4.7x class median,QE-000690,RR-2025-07-28A,2026-01-29T09:31:16Z,QA_01
CASE_00003415,REWORK,stage RELEASED; repeated events (2),QE-000691,RR-2025-07-28A,2024-09-07T06:02:47Z,QA_03
CASE_00003436,DELAY,stage ACCESSIONED; manual case review of queue log; timestamps diffuse,QE-000692,RR-2025-07-28A,2026-03-20T13:46:30Z,QA_04
CASE_00003439,DELAY,stage ANALYSIS_COMPLETE; manual case review of queue log; timestamps diffuse,QE-000693,RR-2025-07-28A,2024-11-07T23:11:15Z,QA_03
CASE_00003453,DELAY,stage REVIEWED; manual case review of queue log; timestamps diffuse,QE-000694,RR-2025-07-28A,2025-02-13T00:09:10Z,QA_01
CASE_00003456,DELAY,stage ACCESSIONED; manual case review of queue log; timestamps diffuse,QE-000695,RR-2025-07-28A,2025-05-27T02:04:12Z,QA_04
CASE_00003467,REWORK,stage SEQUENCING_STARTED; repeated events (2),QE-000696,RR-2025-07-28A,2025-12-28T07:00:02Z,QA_03
CASE_00003483,REWORK,stage SEQUENCING_STARTED; repeated events (2),QE-000697,RR-2025-07-28A,2024-07-01T07:20:00Z,QA_03
CASE_00003486,REWORK,stage REVIEWED; repeated events (2),QE-000698,RR-2025-07-28A,2025-06-13T12:01:15Z,QA_02
CASE_00003487,REWORK,stage RELEASED; repeated events (2),QE-000699,RR-2025-07-28A,2024-03-13T11:06:44Z,QA_03
CASE_00003492,DELAY,"stages ANALYSIS_COMPLETE,LIBRARY_PREPARED; joint deviation",QE-000700,RR-2025-07-28A,2025-05-28T07:02:41Z,QA_04
